"Longitude","Latitude","year","Tested","uniq_id_publication","n","Present"
-17.4519,14.6867,2023,30,1450,1,12
-17.4,14.75,2000,27,1117,1,21
-17.4,14.75,2000,34,293,1,28
-17.4,14.75,2000,43,14,1,34
-17.4,14.75,2001,36,65,1,23
-17.4,14.75,2001,45,1117,1,31
-17.4,14.75,2001,53,293,1,36
-17.4,14.75,2002,79,293,1,53
-17.4,14.75,2002,82,1117,1,55
-17.4,14.75,2003,63,1117,1,46
-17.4,14.75,2003,70,293,1,53
-17.4,14.75,2004,68,164,2,40
-17.4,14.75,2004,71,1117,1,47
-17.4,14.75,2004,79,293,1,51
-17.4,14.75,2005,98,293,1,32
-17.4,14.75,2005,100,1117,1,52
-17.4,14.75,2006,82,293,1,48
-17.4,14.75,2009,37,293,1,23
-17.4,14.75,2014,54,570,1,31
-17.376,14.7828,2000,69,169,1,63
-17.366,14.7645,1997,11,6,1,6
-17.366,14.7645,2000,16,72,1,13
-17.366,14.7645,2000,16,105,1,13
-17.366,14.7645,2002,40,99,1,27
-17.366,14.7645,2007,110,225,1,94
-17.366,14.7645,2010,156,319,1,86
-17.366,14.7645,2014,102,515,1,36
-17.366,14.7645,2018,13,1292,1,7
-16.9667,14.4167,2008,35,321,1,8
-16.9667,14.4167,2009,35,321,1,13
-16.9667,14.4167,2009,146,302,1,43
-16.9667,14.4167,2010,139,302,1,35
-16.9256,14.7667,2007,27,1201,1,6
-16.9256,14.7896,2006,60,1117,1,34
-16.9256,14.7896,2007,71,1117,1,33
-16.9256,14.7896,2008,91,1117,1,50
-16.9256,14.7896,2009,78,1117,1,36
-16.9256,14.7896,2010,87,1117,1,38
-16.9256,14.7896,2011,118,1117,1,64
-16.9256,14.7896,2012,60,505,1,13
-16.9256,14.7896,2012,112,1117,1,32
-16.9256,14.7896,2013,50,505,1,10
-16.9256,14.7896,2013,50,1117,1,9
-16.9256,14.7896,2014,49,1117,1,0
-16.9256,14.7896,2018,63,1117,1,19
-16.9256,14.7896,2019,71,1117,1,32
-16.9256,14.7896,2020,37,1117,1,0
-16.7,14.4167,2002,48,60,1,43
-16.6409,13.2748,2012,78,903,1,70
-16.6409,13.2748,2013,125,903,1,103
-16.6409,13.2748,2014,67,903,1,60
-16.6409,13.2748,2015,101,903,1,87
-16.6409,13.2748,2017,40,1306,1,33
-16.5775,13.4531,1999,98,26,1,49
-16.4167,13.7167,1990,23,114,1,3
-16.4167,13.7167,1991,30,114,1,7
-16.4167,13.7167,1992,29,114,1,5
-16.4167,13.7167,1993,37,114,1,3
-16.4167,13.7167,1994,32,114,1,3
-16.4167,13.7167,1995,35,114,1,15
-16.4167,13.7167,1996,44,114,1,18
-16.4167,13.7167,1997,24,114,1,8
-16.4167,13.7167,1998,51,114,1,15
-16.4167,13.7167,1999,19,114,1,10
-16.2341,14.658,2018,181,1117,1,86
-16.2341,14.658,2019,85,1117,1,17
-16.2341,14.658,2020,91,1117,1,20
-16.0833,11.25,2018,14,1382,1,4
-16.0762,14.1608,2020,88,1117,1,50
-15.6178,11.8817,2003,318,383,1,75
-15.6178,11.8817,2004,151,383,1,37
-15.6178,11.8817,2005,169,383,1,39
-15.6178,11.8817,2006,88,383,1,20
-15.6178,11.8817,2007,40,383,1,10
-15.6178,11.8817,2008,134,383,1,42
-15.6178,11.8817,2010,296,383,1,141
-15.6178,11.8817,2011,345,383,1,195
-15.6178,11.8817,2012,121,383,1,41
-15.6178,11.8817,2014,30,775,1,13
-15.6178,11.8817,2015,317,567,1,166
-15.6072,13.575,1998,98,150,1,49
-15.6072,13.575,1999,71,150,1,37
-15.6072,13.575,2000,82,150,1,52
-15.6072,13.575,2000,89,54,1,55
-15.6072,13.575,2001,88,150,1,64
-15.6072,13.575,2002,86,150,1,47
-15.6072,13.575,2002,141,76,1,90
-15.6,11.8667,2002,50,354,1,16
-15.6,11.8667,2002,478,131,1,111
-15.6,11.8667,2004,153,202,1,40
-15.6,11.8667,2005,167,202,1,40
-15.6,11.8667,2006,113,202,1,32
-15.6,11.8667,2007,104,202,1,30
-15.6,11.8667,2007,376,250,1,109
-15.5958,11.8511,2003,320,202,1,77
-15.5946,11.8503,2014,30,775,1,13
-15.5386,11.9608,1992,31,127,1,10
-15.5386,11.9608,1993,18,127,1,4
-15.5386,11.9608,1995,50,127,1,14
-15.5386,11.9608,2004,93,127,1,35
-15.5386,11.9608,2005,23,127,1,3
-14.9422,12.9004,2019,188,1117,1,114
-14.9422,12.9004,2020,88,1117,1,53
-13.7916,9.60222,2014,10,911,1,3
-13.7916,9.60222,2014,33,423,1,11
-13.6672,13.7689,2010,81,302,1,28
-13.6672,13.7689,2011,83,302,1,24
-13.5784,9.64119,2017,45,1375,1,8
-13.5784,9.64119,2017,48,768,1,9
-13.5784,9.64119,2018,49,1292,1,32
-13.2952,9.55553,2012,168,1355,1,128
-13.2937,8.45456,2014,25,423,1,14
-13.2344,8.48444,2017,11,768,1,8
-12.1833,12.55,2021,13,1450,1,6
-12.1833,12.55,2021,27,1450,1,12
-12.1833,12.55,2022,11,1450,1,3
-12.1833,12.55,2023,20,1450,1,11
-12.1782,12.5659,2015,77,1117,1,14
-12.1782,12.5659,2016,91,1117,1,9
-12.1782,12.5659,2017,78,1117,1,25
-12.1782,12.5659,2018,197,1117,1,61
-12.1782,12.5659,2019,88,1117,1,26
-12.1782,12.5659,2020,81,1117,1,29
-11.7383,7.96472,2018,63,1377,1,14
-10.8346,13.8093,2014,57,572,1,51
-10.8046,6.29582,2012,23,423,1,22
-10.8014,6.31333,1980,50,354,1,0
-10.8014,6.31333,2012,14,625,1,13
-10.8014,6.31333,2014,15,1250,1,14
-10.1636,16.3915,2010,87,564,1,54
-9.62316,16.6587,2010,56,564,1,44
-9.58389,15.2247,2016,53,766,1,24
-9.58389,15.2247,2016,109,1017,1,50
-9.5451,16.6912,1998,85,24,1,56
-9.4895,13.0341,2014,48,572,1,44
-9.41323,15.8175,2010,137,564,1,95
-8.7674,6.74875,2008,294,504,1,275
-8.6135,7.6866,1978,39,561,1,0
-8.45,11.8833,2002,579,254,1,384
-8.3449,13.1334,2010,88,1339,1,70
-8.33048,12.1151,2016,89,1017,1,43
-8.31791,12.1977,2002,127,183,1,108
-8.31791,12.1977,2004,172,183,1,111
-8.31791,12.1977,2007,47,1017,1,27
-8.31791,12.1977,2010,77,1339,1,65
-8.2483,11.642,2016,26,1334,1,22
-8.20697,12.1509,2016,166,1017,1,83
-8.20697,12.1509,2016,185,766,1,119
-8.1356,12.6129,2012,162,1017,1,104
-8.1356,12.6129,2014,66,612,1,40
-8.1356,12.6129,2014,170,558,2,130
-8,12.65,1997,17,6,1,8
-8,12.65,1998,1326,1153,1,803
-8,12.65,2002,951,212,1,804
-8,12.65,2005,45,1178,1,34
-8,12.65,2005,50,1178,1,39
-8,12.65,2006,17,232,1,10
-7.90835,11.9967,2014,87,803,2,62
-7.70094,4.37597,2000,23,28,1,23
-7.4831,11.42,2014,74,1302,1,55
-7.4831,11.42,2016,60,1302,1,46
-6.94731,12.7872,2006,16,331,1,11
-6.91667,10.7833,2003,170,156,2,128
-6.91667,10.7833,2016,41,1017,1,11
-5.4625,12.382,2012,191,500,2,130
-5.4625,12.382,2014,132,500,2,94
-5.35118,6.81623,2012,10,423,1,3
-4.29177,11.1781,1999,114,40,1,70
-4.29177,11.1781,2003,110,101,2,68
-4.29177,11.1781,2005,50,116,1,14
-4.29177,11.1781,2005,50,121,1,14
-4.29177,11.1781,2006,150,224,1,109
-4.29177,11.1781,2007,111,224,1,74
-4.29177,11.1781,2010,39,532,1,24
-4.29177,11.1781,2012,236,497,2,58
-4.29177,11.1781,2014,571,449,1,120
-4.29177,11.1781,2022,178,1085,2,11
-4.04742,5.43089,2015,28,709,1,0
-4.03778,11.4347,2009,261,360,2,179
-4.03333,5.31667,1997,21,6,1,13
-4.03333,5.31667,2000,12,72,1,7
-4.03333,5.31667,2000,12,105,1,7
-4.03333,5.31667,2015,16,709,1,5
-4.03333,5.31667,2016,118,1262,1,15
-4.03333,5.31667,2017,21,768,1,8
-4.03333,5.31667,2017,26,1375,1,1
-4.03333,5.31667,2018,10,1330,1,1
-4.03333,5.31667,2018,131,1292,1,16
-4.02862,5.4268,2006,32,390,1,18
-4.02862,5.4268,2009,63,1268,1,30
-4.00826,5.35995,2014,119,1262,1,33
-3.8859,5.27725,2015,16,709,1,5
-3.8673,12.7345,2020,285,1132,1,12
-3.86667,12.7333,2002,47,219,1,22
-3.86667,12.7333,2003,169,147,1,137
-3.86667,12.7333,2005,109,214,1,57
-3.71667,12.6333,2000,210,59,1,91
-3.71667,12.6333,2003,53,147,1,34
-3.61111,14.35,1997,116,2,2,47
-3.6095,14.3491,2010,100,1339,1,59
-3.59392,5.27118,2005,48,299,1,48
-3.5216,11.4891,2014,36,1302,1,15
-3.5216,11.4891,2016,59,1302,1,7
-3.51786,5.28725,2005,44,299,1,39
-3.4961,6.7208,2016,106,1262,1,9
-3.1554,5.6032,2015,64,1425,1,10
-3.15538,5.60318,2015,20,709,1,5
-3.0264,13.9003,2005,48,1192,1,16
-3.0264,13.9003,2010,72,1339,1,36
-2.52147,10.0621,2006,39,342,1,36
-2.52147,10.0621,2008,42,342,1,40
-2.52147,10.0621,2010,20,342,1,10
-2.33333,7.33333,2004,74,342,1,49
-2.33333,7.33333,2006,35,342,1,30
-2.33333,7.33333,2008,49,253,1,16
-2.33333,7.33333,2008,50,342,1,25
-2.333,7.333,2004,62,111,1,38
-2.18869,12.6842,2011,581,1353,1,211
-2.18869,12.6842,2011,675,406,1,211
-2.18869,12.6842,2013,350,420,1,112
-2.14502,5.3902,2010,34,358,1,21
-2.1273,12.6335,2013,325,420,1,99
-1.983,5.3,2004,42,111,1,41
-1.983,5.3,2004,50,342,1,49
-1.983,5.3,2008,18,342,1,17
-1.8581,13.0547,2002,53,1172,1,19
-1.8105,12.4148,2002,53,1172,1,22
-1.8102,12.4936,2002,56,1172,1,20
-1.741,12.6734,2002,53,1172,1,19
-1.7089,12.35,2005,195,155,1,120
-1.7089,12.35,2005,267,381,1,188
-1.7089,12.35,2022,150,1090,1,149
-1.67607,7.95592,2010,57,358,1,36
-1.6736,12.7513,2002,58,1172,1,26
-1.6717,8.1334,2004,100,1188,1,62
-1.6404,12.5509,2002,58,1172,1,24
-1.62197,6.68712,2007,140,256,1,126
-1.58333,6.45,2006,40,342,1,28
-1.58333,6.45,2008,40,253,1,26
-1.58333,6.45,2008,50,342,1,32
-1.58333,6.45,2010,14,342,1,8
-1.56448,6.75162,2017,46,759,1,1
-1.56448,6.75162,2017,165,759,1,46
-1.5424,5.6098,2012,52,1358,1,12
-1.52086,6.74704,2010,53,358,1,28
-1.51966,12.3714,1994,506,1196,1,56
-1.51966,12.3714,2018,19,1292,1,3
-1.4173,12.5826,2002,55,1172,1,22
-1.4161,12.6511,2002,53,1172,1,30
-1.4152,12.662,2002,61,1172,1,27
-1.3833,12.516,2002,51,1172,1,28
-1.3602,12.6089,2002,54,1172,1,19
-1.3439,5.0981,2012,29,1358,1,5
-1.3149,12.626,2002,55,1172,1,26
-1.3,12.5822,2002,999,132,1,409
-1.3,12.9,2002,56,1172,1,13
-1.2754,5.694,2012,61,1358,1,16
-1.27314,5.5662,2013,214,419,1,154
-1.2558,6.8931,2001,78,1160,1,46
-1.2558,6.8931,2003,84,1160,1,55
-1.24723,5.10506,2006,39,342,1,37
-1.24723,5.10506,2008,42,342,1,40
-1.24723,5.10506,2008,48,253,1,32
-1.24723,5.10506,2010,20,342,1,16
-1.24723,5.10506,2012,40,1358,1,7
-1.24723,5.10506,2014,90,780,1,42
-1.24723,5.10506,2015,127,780,2,48
-1.24723,5.10506,2016,90,780,1,26
-1.24723,5.10506,2017,66,780,1,19
-1.2027,12.4752,2002,63,1172,1,36
-1.1424,12.5192,2002,59,1172,1,17
-1.1,10.9,2004,34,342,1,25
-1.1,10.9,2004,105,111,1,48
-1.1,10.9,2006,40,342,1,35
-1.1,10.9,2008,50,342,1,34
-1.1,10.9,2010,17,342,1,10
-1.09028,10.8847,1996,51,160,1,23
-1.09028,10.8847,2008,41,253,1,11
-1.08489,6.80194,1998,171,10,1,117
-1.05861,5.56078,2010,40,358,1,24
-1.0518,12.5653,2002,69,1172,1,33
-0.947762,9.56152,2017,36,759,1,0
-0.947762,9.56152,2017,165,759,1,36
-0.946474,9.55771,2017,39,759,1,1
-0.946474,9.55771,2017,165,759,1,39
-0.853333,9.4075,2000,225,1165,1,182
-0.853333,9.4075,2000,270,71,2,207
-0.853333,9.4075,2002,288,130,2,225
-0.853333,9.4075,2002,3182,138,1,2517
-0.7519,12.652,2002,40,1172,1,13
-0.7027,12.3484,2002,52,1172,1,15
-0.62284,5.33871,2004,25,288,1,22
-0.417994,5.48564,2010,60,269,1,29
-0.375209,6.38591,2006,39,342,1,36
-0.375209,6.38591,2008,50,342,1,39
-0.375209,6.38591,2010,14,342,1,8
-0.375209,6.38591,2014,94,780,2,25
-0.375209,6.38591,2015,96,780,2,12
-0.375209,6.38591,2016,91,780,1,15
-0.375209,6.38591,2017,57,780,1,3
-0.2,5.55,2000,17,72,1,12
-0.2,5.55,2000,17,105,1,12
-0.2,5.55,2010,30,358,1,15
-0.2,5.55,2012,20,625,1,3
-0.2,5.55,2013,17,379,1,13
-0.2,5.55,2014,22,911,1,1
-0.2,5.55,2014,23,423,1,3
-0.2,5.55,2017,11,768,1,0
-0.2,5.55,2018,77,1298,1,9
-0.2,5.55,2023,42,1497,1,1
-0.102998,5.88169,2017,17,759,1,1
-0.102998,5.88169,2017,165,759,1,17
-0.01667,9.4333,2004,67,111,1,31
-0.01667,9.4333,2004,88,342,1,46
-0.01667,9.4333,2006,40,342,1,29
-0.01667,9.4333,2008,50,342,1,30
-0.01667,9.4333,2010,20,342,1,9
0.0955,10.5168,2010,75,1316,1,30
0.0955,10.5168,2011,73,1316,1,31
0.0955,10.5168,2012,59,1316,1,19
0.0955,10.5168,2013,70,1316,1,14
0.0955,10.5168,2014,66,1316,1,16
0.450237,6.57814,2010,32,358,1,19
0.46,7.15,2004,78,342,1,60
0.46,7.15,2004,130,111,1,105
0.46,7.15,2008,50,342,1,28
0.60373,5.78287,2017,27,759,1,1
0.60373,5.78287,2017,165,759,1,27
1.19777,7.75615,2022,165,1100,1,1
1.2125,6.13778,2018,16,1292,1,1
1.2667,10.6167,2019,53,1390,1,6
1.40833,18.4389,1999,57,50,1,46
1.4193,6.65634,2022,192,1100,1,7
2.10528,13.5214,2000,11,72,1,9
2.10528,13.5214,2000,11,105,1,9
2.10528,13.5214,2003,88,123,2,40
2.10528,13.5214,2017,10,768,1,2
2.10674,13.5098,2020,90,1468,1,9
2.15026,13.5673,2004,318,182,1,103
2.15976,6.66446,2007,195,340,1,191
2.44417,6.35306,2011,213,323,1,200
2.61667,9.35,2012,193,478,1,56
3.233,6.6909,2017,83,1272,1,36
3.35313,7.15359,2014,32,1457,1,17
3.36708,6.52613,2002,150,1099,1,121
3.36708,6.52613,2010,262,1099,1,203
3.38,6.52,2016,70,1261,1,41
3.38457,6.51941,2000,42,1400,1,31
3.38457,6.51941,2002,63,1400,1,47
3.38457,6.51941,2008,119,397,1,114
3.38457,6.51941,2011,54,414,1,41
3.38457,6.51941,2014,46,911,1,17
3.38457,6.51941,2016,26,763,1,9
3.38457,6.51941,2016,65,627,1,42
3.44667,11.8878,2011,26,385,1,4
3.44667,11.8878,2020,83,1468,1,16
3.56623,7.16101,2014,24,1457,1,22
3.5964,6.5644,2000,39,1400,1,19
3.5964,6.5644,2002,52,1400,1,33
3.5964,6.5644,2014,55,1349,1,45
3.5964,6.5644,2019,54,1549,1,7
3.6425,6.8402,2009,98,1403,1,95
3.84897,9.13741,1996,93,29,1,46
3.91667,7.39639,2003,111,103,1,89
3.91667,7.39639,2004,70,285,1,55
3.91667,7.39639,2005,78,210,1,55
3.91667,7.39639,2005,101,100,1,79
3.9368,7.843,2019,13,1549,1,2
4.2078,12.4376,2019,34,1549,1,2
4.2436,8.1227,2019,69,1549,1,8
4.516,9.8838,2014,89,1349,1,62
4.52,7.5629,2019,19,1549,1,3
4.56122,7.76581,2004,116,125,1,105
4.56122,7.76581,2006,81,248,1,73
4.57108,7.96122,2021,297,1489,1,47
4.7096,7.6103,2022,13,1126,2,1
5.2292,13.0336,2014,42,1317,1,7
5.5932,7.1989,2019,49,1549,1,6
5.5983,9.9309,2019,30,1549,1,11
5.6145,6.3176,2006,353,159,1,80
5.62276,6.33068,2016,41,1261,1,25
5.9339,5.704,2019,39,1549,1,15
6.0515,4.787,2014,43,1317,1,42
6.6131,0.1864,2020,81,1536,1,80
6.6131,0.1864,2021,97,1536,1,93
6.6131,0.1864,2022,63,1536,1,61
6.73334,0.330192,2004,70,120,1,70
6.73334,0.330192,2013,60,999,1,59
6.91033,6.00971,2014,55,1280,1,52
7.0336,4.8242,2010,72,1328,1,52
7.0438,5.4837,2014,77,1317,1,72
7.25427,9.05465,2014,74,423,1,31
7.48333,9.06667,2000,15,72,1,11
7.48333,9.06667,2000,15,105,1,11
7.48333,9.06667,2012,18,1332,1,12
7.48333,9.06667,2012,32,625,1,15
7.48333,9.06667,2013,14,1332,1,5
7.48333,9.06667,2014,25,1250,1,12
7.48333,9.06667,2014,26,1332,1,11
7.48333,9.06667,2014,83,1308,1,37
7.48333,9.06667,2015,13,1332,1,5
7.48333,9.06667,2016,15,1332,1,3
7.48333,9.06667,2016,51,1367,1,18
7.48333,9.06667,2017,26,1332,1,9
7.48333,9.06667,2017,41,1367,1,19
7.48333,9.06667,2017,88,1375,1,11
7.48333,9.06667,2017,118,768,1,44
7.48333,9.06667,2018,13,1292,1,7
7.48333,9.06667,2018,15,1332,1,4
7.48333,9.06667,2018,18,1330,1,2
7.48333,9.06667,2018,28,1367,1,6
7.48333,9.06667,2019,29,1367,1,10
7.48333,9.06667,2019,31,1332,1,7
7.7165,11.1299,1993,35,1145,1,5
7.98677,16.9744,2020,74,1468,1,10
8.3417,4.97572,2019,21,1549,1,14
8.5,7.73,2024,13,1530,1,10
8.51667,8.49167,2006,75,248,1,71
8.54,7.73,2024,58,1530,1,34
8.592,12.0022,2019,68,1549,1,4
8.62,7.63,2024,29,1530,1,16
8.70697,3.75353,2014,75,423,1,11
8.70697,3.75353,2014,82,911,1,16
8.70697,3.75353,2018,115,795,1,31
8.74812,3.61983,2012,151,1230,1,139
8.767,3.73203,1999,60,806,1,43
8.767,3.73203,2001,102,806,1,87
8.767,3.73203,2004,262,806,1,200
8.767,3.73203,2006,158,806,1,107
8.767,3.73203,2011,163,806,1,114
8.767,3.73203,2012,47,625,1,15
8.767,3.73203,2013,170,806,1,109
8.767,3.73203,2014,11,1250,1,4
8.767,3.73203,2016,169,806,1,33
8.767,3.73203,2017,63,1375,1,4
8.767,3.73203,2019,139,806,1,4
9.3146,4.08925,2004,230,631,2,223
9.3146,4.08925,2005,260,217,1,226
9.3146,4.08925,2011,260,631,2,174
9.3146,4.08925,2014,233,604,1,116
9.4544,0.3901,2012,11,625,1,9
9.4544,0.3901,2017,11,768,1,9
9.4544,0.3901,2018,33,1292,1,12
9.5154,0.3999,2014,58,1393,1,44
9.5154,0.3999,2022,139,1522,1,9
9.5179,9.2182,2019,24,1549,1,3
9.6022,11.8246,2014,30,1317,1,4
9.76464,4.05885,2020,203,801,1,51
9.77049,1.86165,2013,244,557,1,74
9.78368,2.04405,2005,113,320,1,89
9.78368,2.04405,2013,43,475,1,15
9.8404,10.306,2019,53,1549,1,8
10.0588,5.4539,2017,90,1331,1,1
10.0588,5.4539,2020,100,1451,2,8
10.1739,1.74579,2005,184,320,1,127
10.1739,1.74579,2013,108,475,1,67
10.2404,-0.701546,1998,215,276,1,215
10.2404,-0.701546,2001,25,1148,1,25
10.2404,-0.701546,2002,34,77,1,33
10.2404,-0.701546,2006,144,276,1,141
10.2404,-0.701546,2018,108,1279,1,71
10.5868,-1.22002,2014,36,506,1,26
10.5868,-1.22002,2018,109,1279,1,88
10.6954,-0.1989,2018,368,1279,1,300
11.1731,10.2791,2019,11,1549,1,0
11.2666,2.3815,2017,26,1331,1,0
11.5167,3.86667,1996,93,7,1,54
11.5167,3.86667,2000,118,21,1,82
11.5167,3.86667,2000,155,22,1,108
11.5167,3.86667,2005,259,1082,1,199
11.5167,3.86667,2005,260,217,1,200
11.5167,3.86667,2007,203,290,1,165
11.5167,3.86667,2010,180,338,1,65
11.5167,3.86667,2012,11,625,1,4
11.5167,3.86667,2014,23,423,1,9
11.5167,3.86667,2014,26,911,1,5
11.5167,3.86667,2014,140,1082,1,33
11.5167,3.86667,2017,40,768,1,8
11.5167,3.86667,2018,53,1014,1,3
11.5167,3.86667,2018,59,1014,1,21
11.5167,3.86667,2018,125,1292,1,19
11.5167,3.86667,2020,147,1082,1,10
11.5167,3.86667,2022,250,1516,1,NA
11.5593,1.59513,2005,29,1213,1,24
11.5593,1.59513,2008,78,1213,1,55
11.8664,-4.76916,2000,42,75,1,39
11.9333,3.96667,2007,229,290,1,194
11.9333,3.96667,2018,809,1348,1,93
12.2018,-5.5762,2018,39,1329,1,29
12.4647,-1.14383,2013,25,722,1,22
12.4647,-1.14383,2014,28,722,1,27
12.4647,-1.14383,2014,115,506,1,95
12.4908,9.2149,2014,48,1317,1,4
12.4908,9.2149,2019,17,1549,1,3
12.6172,6.4679,2019,762,1348,1,234
12.7391,-0.815042,2013,28,722,1,26
12.7391,-0.815042,2014,17,722,1,16
12.7391,-0.815042,2014,200,506,1,167
13.0212,-1.8301,2000,47,1192,1,44
13.1532,11.8226,2010,56,596,1,3
13.2344,-8.83833,2005,245,174,1,231
13.2344,-8.83833,2007,102,236,1,99
13.2344,-8.83833,2012,12,772,2,5
13.2344,-8.83833,2012,42,625,1,20
13.2344,-8.83833,2013,38,772,2,12
13.2344,-8.83833,2014,23,772,2,5
13.2344,-8.83833,2014,24,1250,1,14
13.2344,-8.83833,2014,101,423,1,26
13.2344,-8.83833,2014,139,911,1,53
13.2344,-8.83833,2015,28,772,2,9
13.2344,-8.83833,2016,39,772,1,12
13.2344,-8.83833,2016,40,772,1,13
13.2344,-8.83833,2017,19,772,2,5
13.2344,-8.83833,2017,30,768,1,6
13.4,9.3,2005,240,217,1,76
13.5833,-1.63333,2004,96,251,1,92
13.5833,-1.63333,2009,134,251,1,131
13.5833,-1.63333,2010,46,305,1,45
13.5833,-1.63333,2011,17,722,1,16
13.5833,-1.63333,2012,25,722,1,24
13.5833,-1.63333,2013,19,722,1,17
13.5833,-1.63333,2013,26,385,1,19
13.5833,-1.63333,2014,17,722,1,12
13.5833,-1.63333,2014,51,506,1,36
13.6643,-8.47178,2020,95,1482,1,7
13.683,4.581,2003,164,562,1,118
14.0628,3.0851,2012,95,562,1,44
14.4,-18.4,2023,28,1507,1,0
15.0506,-7.61383,2004,66,201,1,62
15.0557,12.1348,2018,14,1292,1,4
15.2136,-4.26892,2010,51,289,1,47
15.2385,-4.34714,2014,62,578,1,38
15.2833,-4.26667,2000,96,75,1,95
15.2833,-4.26667,2003,50,66,1,50
15.2833,-4.26667,2005,100,737,1,93
15.2833,-4.26667,2012,20,625,1,16
15.2833,-4.26667,2014,18,911,1,8
15.2983,-4.31642,2022,77,1481,1,4
15.3139,-4.33167,2000,27,72,1,27
15.3139,-4.33167,2007,166,359,1,92
15.3139,-4.33167,2008,105,186,1,88
15.3139,-4.33167,2010,12,337,2,1
15.3139,-4.33167,2010,202,348,1,145
15.3139,-4.33167,2012,11,625,1,5
15.3139,-4.33167,2014,18,911,1,3
15.3139,-4.33167,2014,22,1250,1,10
15.3139,-4.33167,2014,23,423,1,12
15.3139,-4.33167,2014,512,1281,1,274
15.3139,-4.33167,2017,50,768,1,11
15.3139,-4.33167,2017,61,1375,1,9
15.3139,-4.33167,2017,160,797,1,78
15.3139,-4.33167,2017,160,1285,1,78
15.3139,-4.33167,2018,23,1292,1,15
15.3139,-4.33167,2018,23,1330,1,1
15.3139,-4.33167,2019,104,797,1,34
15.3139,-4.33167,2019,220,1000,1,60
16.7001,8.46722,2016,183,607,1,25
16.7001,8.46722,2017,191,1006,1,24
17.7666,8.3395,2012,223,1094,1,52
17.7666,8.3395,2014,526,1094,1,277
17.7666,8.3395,2021,230,1094,1,26
17.7666,8.3395,2023,211,1094,1,24
18.2229,0.002214,2014,51,578,1,36
18.2229,0.002214,2017,56,797,1,18
18.2229,0.002214,2017,56,1285,1,18
18.2229,0.002214,2019,76,797,1,17
18.4202,-4.42545,2017,75,797,1,31
18.4202,-4.42545,2017,75,1285,1,31
18.4202,-4.42545,2019,86,797,1,41
18.4241,-33.9249,2014,91,1324,1,38
18.5833,4.36667,2004,139,740,1,133
18.5833,4.36667,2004,180,87,1,108
18.5833,4.36667,2009,61,740,1,59
18.5833,4.36667,2018,32,1292,1,0
18.91,-18.25,2023,13,1507,1,0
20.2963,3.32167,2017,54,797,1,6
20.2963,3.32167,2017,54,1285,1,6
20.2963,3.32167,2019,83,797,1,11
20.5833,-18.3333,2023,12,1507,1,0
21.5588,-4.85312,2014,31,578,1,21
22.241,-19.9547,2014,167,718,2,6
24.6278,10.658,2010,73,761,1,63
24.8824,12.058,2016,75,1460,1,15
25.0033,-8.73439,2017,71,797,1,8
25.0033,-8.73439,2017,71,1285,1,8
25.0033,-8.73439,2019,81,797,1,6
25.1875,0.512155,2017,85,797,1,4
25.1875,0.512155,2017,85,1285,1,4
25.1875,0.512155,2019,95,797,1,6
25.3425,13.7204,1990,39,5,1,26
26.325,-10.6152,2017,65,797,1,1
26.325,-10.6152,2017,65,1285,1,1
26.325,-10.6152,2019,69,797,1,1
26.4518,-1.46372,2014,51,578,1,27
26.6185,-2.56638,2017,66,797,1,3
26.6185,-2.56638,2017,66,1285,1,3
26.6185,-2.56638,2019,81,797,1,4
26.783,-16.4235,2006,128,347,1,113
26.783,-16.4235,2017,151,764,1,3
26.9522,-10.9424,2014,63,578,1,41
26.9554,-16.5739,2018,15,1458,1,0
27.0018,-16.3811,2014,10,1458,1,-9
27.0018,-16.3811,2016,40,1458,1,0
27.0018,-16.3811,2017,15,1458,1,0
27.0096,-16.5745,2017,19,1458,1,0
27.0443,-16.4361,2016,32,1458,1,0
27.0579,-16.3074,2016,18,1458,1,0
27.0579,-16.3074,2017,15,1458,1,0
27.1647,-16.2408,2016,18,1458,1,0
27.1647,-16.2408,2017,33,1458,1,0
27.1763,-16.3403,2016,27,1458,1,0
27.1763,-16.3403,2017,19,1458,1,0
27.4775,-11.6689,2017,56,797,1,1
27.4775,-11.6689,2017,56,1285,1,1
27.4775,-11.6689,2019,82,797,1,5
28.2037,-15.4165,2014,20,423,1,1
28.2833,-15.4167,2014,10,1250,1,1
28.7395,-9.35187,2012,302,498,1,0
28.8314,-2.22502,2017,76,797,1,68
28.8314,-2.22502,2017,76,1285,1,68
28.8314,-2.22502,2019,76,797,1,64
29.3018,0.114047,2014,22,578,1,16
29.4461,-1.1855,2002,56,1157,1,52
29.662,-4.88376,2017,165,975,1,3
29.6931,-1.28432,2020,122,804,1,35
29.7,-0.75,2012,86,591,1,84
29.7,-0.75,2013,66,591,1,55
29.7,-0.75,2015,117,591,1,82
29.7181,-2.56041,2010,124,1452,2,94
29.7181,-2.56041,2014,104,1452,2,46
29.7181,-2.56041,2018,107,1452,2,19
29.7181,-2.56041,2019,59,1452,2,16
29.7181,-2.56041,2023,202,1452,2,52
29.7373,-2.60273,2010,104,274,1,77
29.7426,-0.819525,2003,80,90,1,80
29.7426,-0.819525,2016,47,926,1,19
29.7426,-0.819525,2016,48,926,1,26
29.7426,-0.819525,2017,44,926,1,15
29.7426,-0.819525,2018,36,976,1,7
29.7426,-0.819525,2019,21,976,1,1
29.8915,-4.4962,2017,64,975,1,11
29.925,-0.79,1998,59,23,1,59
29.925,-0.79,1998,59,70,1,55
29.9856,-1.24196,2016,49,926,1,5
29.9856,-1.24196,2016,50,926,1,4
29.9856,-1.24196,2017,18,926,1,0
29.9856,-1.24196,2019,11,976,1,1
30.0605,-1.9539,2014,10,967,1,4
30.0685,0.264,2015,56,1274,1,31
30.0867,0.172391,2015,114,1325,1,51
30.0867,0.172391,2018,20,976,1,9
30.0867,0.172391,2019,22,976,1,5
30.0874,16.0858,1990,44,44,1,23
30.0874,16.0858,1993,50,44,1,36
30.0874,16.0858,1998,50,44,1,35
30.0874,16.0858,1998,50,1152,1,37
30.0874,16.0858,1999,32,1152,1,29
30.0874,16.0858,1999,33,44,1,30
30.0874,16.0858,1999,48,44,1,39
30.0874,16.0858,2000,38,44,1,36
30.0874,16.0858,2001,48,44,1,42
30.0874,16.0858,2003,168,157,1,157
30.0874,16.0858,2007,86,223,1,78
30.1212,0.24,2015,82,1274,1,44
30.1231,0.2639,2015,81,1274,1,28
30.178,11.184,2003,160,63,1,144
30.2549,0.589668,1998,48,23,1,47
30.2549,0.589668,1998,48,70,1,47
30.383,-5.1015,2017,70,975,1,1
30.4094,9.542,2002,97,41,1,64
30.5042,-1.80002,2021,82,1101,1,5
30.6367,-29.8032,2001,22,779,1,18
30.6367,-29.8032,2011,333,779,1,80
30.6367,-29.8032,2018,452,779,1,2
30.6367,-29.8032,2019,2122,1013,1,1
30.91,3.03,1998,73,23,1,63
30.91,3.03,1998,73,70,1,62
30.91,3.03,2003,80,90,1,77
30.91,3.03,2016,40,926,1,3
30.91,3.03,2016,48,926,1,1
30.91,3.03,2016,226,714,1,31
30.91,3.03,2017,39,926,1,0
30.91,3.03,2018,21,976,1,0
30.91,3.03,2019,12,976,1,1
30.9614,3.41397,2018,24,976,1,11
31.3542,-26.1366,2023,238,1538,1,2
31.3556,1.42975,2018,39,976,1,6
31.3556,1.42975,2019,34,976,1,0
31.3713,-26.5082,2023,50,1538,1,0
31.3798,0.552923,2014,599,588,1,462
31.3798,0.552923,2014,599,1436,1,114
31.395,0.5575,2003,80,90,1,80
31.395,0.5575,2016,46,926,1,10
31.395,0.5575,2016,47,926,1,18
31.395,0.5575,2017,42,926,1,9
31.395,0.5575,2018,34,976,1,3
31.395,0.5575,2019,23,976,1,0
31.5777,4.85282,2022,39,1481,1,19
31.579,4.84099,2001,85,36,1,26
31.6326,-1.93493,2017,85,975,1,3
31.6606,-1.84916,2010,97,344,1,15
31.7687,-2.6378,2017,75,975,1,8
31.8107,-26.7852,2023,162,1538,1,0
31.9027,-28.6914,2012,16,309,1,4
31.9167,-26.2167,1999,64,221,1,59
32,1,2010,119,1325,1,112
32,1,2017,11,768,1,1
32,1,2017,16,1375,1,2
32,1,2019,16,1356,1,1
32,1,2021,38,1018,1,0
32.0449,-14.0595,2012,112,1342,1,3
32.0449,-14.0595,2016,69,1342,1,0
32.2881,2.7724,2013,45,793,1,13
32.2881,2.7724,2014,92,793,1,30
32.2881,2.7724,2014,144,493,1,46
32.2881,2.7724,2015,103,793,1,15
32.2881,2.7724,2016,190,793,1,4
32.2881,2.7724,2017,103,793,1,0
32.2881,2.7724,2018,65,793,1,0
32.4325,15.5018,1998,44,1152,1,42
32.4325,15.5018,1999,33,1152,1,32
32.4325,15.5018,2016,57,761,1,28
32.4325,15.5018,2016,213,1301,1,153
32.4325,15.5018,2018,20,1310,1,4
32.4873,10.1241,2010,68,761,1,45
32.4873,10.1241,2010,74,761,1,51
32.4969,-24.6983,2002,171,166,1,159
32.4969,-24.6983,2003,173,166,1,165
32.5333,1.98333,1998,61,23,1,55
32.5333,1.98333,1998,61,70,1,55
32.5333,1.98333,1999,41,13,1,41
32.5333,1.98333,2003,346,90,1,332
32.5333,1.98333,2013,599,723,1,96
32.5333,1.98333,2014,599,450,2,162
32.5333,1.98333,2024,43,1502,1,0
32.5811,0.313611,2005,46,139,1,45
32.5814,0.321956,1998,30,160,1,29
32.5814,0.321956,1998,114,4,1,114
32.5814,0.321956,1999,32,13,1,32
32.5814,0.321956,2006,93,272,1,92
32.5814,0.321956,2006,169,246,2,168
32.5814,0.321956,2007,40,215,1,40
32.5833,-25.9667,2012,12,625,1,0
32.5833,-25.9667,2014,10,423,1,1
32.5833,-25.9667,2017,11,768,1,0
32.5833,-25.9667,2017,38,1375,1,9
32.5833,0.316667,2008,150,308,1,149
32.6046,15.5983,2016,20,1251,1,16
32.6349,-10.1513,1999,50,1151,1,46
32.6365,-25.0247,2016,88,973,1,0
32.6365,-25.0247,2018,104,973,1,2
32.639,15.6213,2001,78,74,1,78
32.7181,-23.0222,2006,641,277,2,616
32.7181,-23.0222,2007,610,277,2,557
32.7181,-23.0222,2008,419,277,2,319
32.7181,-23.0222,2009,224,277,2,102
32.7181,-23.0222,2010,309,277,2,100
32.7953,-5.01667,2003,99,97,1,96
32.7953,-5.01667,2003,159,185,1,151
32.7953,-5.01667,2004,123,97,1,120
32.7953,-5.01667,2004,163,185,1,158
32.7953,-5.01667,2006,74,185,1,72
32.7953,-5.01667,2007,73,185,1,60
32.8,3.53333,2016,43,926,1,4
32.8,3.53333,2016,46,926,1,0
32.8,3.53333,2017,45,926,1,3
32.8,3.53333,2018,28,976,1,1
32.8,3.53333,2019,19,976,1,1
32.8011,2.42861,2016,43,926,1,3
32.8011,2.42861,2016,44,926,1,2
32.8011,2.42861,2017,40,926,1,2
32.8011,2.42861,2018,30,976,1,0
32.8011,2.42861,2019,20,976,1,0
32.8031,-25.4033,1999,50,1143,1,45
32.8031,-25.4033,2015,108,566,1,5
32.8333,1.63333,2016,41,926,1,2
32.8333,1.63333,2016,50,926,1,19
32.8333,1.63333,2017,41,926,1,0
32.8333,1.63333,2018,10,976,1,0
32.9,-2.51667,2010,171,344,1,21
32.9,-2.5,2010,84,279,1,34
32.9,-2.5,2013,20,401,1,0
32.9462,-2.41012,2010,90,287,1,10
33,0.616667,2010,100,279,1,100
33.083,14.4342,2010,76,761,1,63
33.2042,0.424444,1998,12,23,1,12
33.2042,0.424444,1998,12,70,1,12
33.2042,0.424444,2003,80,90,1,79
33.2042,0.424444,2016,42,926,1,33
33.2042,0.424444,2016,48,926,1,18
33.2042,0.424444,2016,114,1295,1,90
33.2042,0.424444,2017,41,926,1,13
33.2042,0.424444,2018,33,976,1,14
33.2042,0.424444,2019,49,976,1,0
33.2315,0.442926,2012,70,591,1,68
33.2315,0.442926,2013,50,591,1,48
33.2315,0.442926,2015,35,591,1,30
33.3306,2.98472,2016,44,926,1,2
33.3306,2.98472,2016,46,926,1,3
33.3306,2.98472,2017,43,926,1,3
33.3306,2.98472,2018,29,976,1,1
33.3306,2.98472,2021,42,1018,1,0
33.3306,2.98472,2021,47,1131,1,0
33.3306,2.98472,2022,63,1131,1,0
33.3306,2.98472,2023,124,1131,1,0
33.3306,2.98472,2024,96,1131,1,1
33.45,-8.9,2004,86,115,1,43
33.45,-8.9,2010,147,344,1,11
33.5203,14.3995,2007,171,239,1,120
33.5592,14.3987,2017,170,1500,1,46
33.6288,1.7291,2024,13,1502,1,0
33.7,-13.95,2009,685,357,1,1
33.7,-13.95,2012,15,1236,1,0
33.7,-13.95,2017,11,768,1,0
33.8718,-9.7309,2007,183,197,2,16
33.9446,-9.55629,2017,26,975,1,0
33.9602,1.91601,2018,43,976,1,11
33.9602,1.91601,2019,21,976,1,1
34.0092,0.4365,2016,300,1305,1,72
34.0147,0.77578,2012,342,591,1,336
34.0147,0.77578,2013,78,1244,1,52
34.0147,0.77578,2013,378,591,1,341
34.0147,0.77578,2015,285,591,1,195
34.0149,0.776,2012,215,1238,1,201
34.0217,0.2225,2022,24,1508,1,4
34.0344,0.41291,2018,56,798,1,2
34.0836,14.1122,2007,27,239,1,24
34.1,7.7,2021,132,1459,1,10
34.1,7.7,2021,132,1511,1,118
34.1321,3.51472,2018,29,976,1,4
34.1321,3.51472,2019,15,976,1,0
34.1532,2.83087,2022,260,1533,1,0
34.1532,2.83087,2022,272,1446,1,42
34.1685,0.3618,2022,94,1508,1,9
34.1781,1.0871,2024,40,1502,1,1
34.1811,0.692778,1998,43,23,1,40
34.1811,0.692778,1998,43,70,1,40
34.1811,0.692778,1999,45,13,1,44
34.1811,0.692778,2003,80,90,1,80
34.1811,0.692778,2004,180,137,1,180
34.1811,0.692778,2007,16,352,1,16
34.1811,0.692778,2007,38,362,1,38
34.1811,0.692778,2008,147,362,1,147
34.1811,0.692778,2008,198,352,1,194
34.1811,0.692778,2009,93,362,1,89
34.1811,0.692778,2009,171,352,1,164
34.1811,0.692778,2010,73,1222,1,72
34.1811,0.692778,2010,108,362,1,108
34.1811,0.692778,2010,137,352,1,131
34.1811,0.692778,2010,223,353,1,206
34.1811,0.692778,2010,454,349,1,454
34.1811,0.692778,2011,111,362,1,111
34.1811,0.692778,2011,171,352,1,167
34.1811,0.692778,2011,331,1222,1,314
34.1811,0.692778,2012,77,362,1,64
34.1811,0.692778,2012,110,352,1,101
34.1811,0.692778,2012,171,1371,1,122
34.1811,0.692778,2012,271,1222,1,245
34.1811,0.692778,2012,635,513,1,626
34.1811,0.692778,2012,675,611,1,641
34.1811,0.692778,2015,216,573,1,160
34.1811,0.692778,2016,29,611,1,7
34.1811,0.692778,2016,36,926,1,13
34.1811,0.692778,2016,46,926,1,23
34.1811,0.692778,2017,46,926,1,13
34.1811,0.692778,2018,31,976,1,6
34.1811,0.692778,2018,80,798,1,19
34.1811,0.692778,2019,25,976,1,3
34.1811,0.692778,2020,93,1131,1,0
34.1811,0.692778,2021,140,1131,1,1
34.1811,0.692778,2022,108,1131,1,0
34.1811,0.692778,2023,125,1131,1,1
34.1811,0.692778,2024,73,1131,1,0
34.194,-0.3529,2016,45,1391,1,2
34.206,-0.436792,2011,278,368,1,224
34.2422,-0.0617328,2003,93,79,1,72
34.2422,-0.0617328,2016,318,970,1,6
34.2744,-0.09978,2007,96,178,1,78
34.3186,0.043023,2007,95,392,1,72
34.35,11.7667,2016,120,952,1,31
34.3833,-0.183333,1996,250,278,1,204
34.3833,-0.183333,2001,242,278,1,198
34.3833,-0.183333,2007,61,392,1,57
34.3833,-0.183333,2012,208,1016,1,38
34.3833,-0.183333,2017,110,1016,1,1
34.4492,1.39583,2019,14,976,1,0
34.4563,-13.7756,2000,131,1156,1,3
34.4563,13.7756,1998,60,1156,1,7
34.5346,10.058,2016,23,1278,1,15
34.5382,0.08982,2007,97,392,1,79
34.55,-0.0428065,2003,33,614,2,27
34.55,-0.0428065,2005,61,614,2,41
34.55,-0.0428065,2005,200,168,1,190
34.55,-0.0428065,2008,177,614,2,89
34.55,-0.0428065,2015,75,614,2,1
34.55,-0.0428065,2020,465,1475,1,0
34.5587,0.56946,2018,36,1115,1,1
34.5864,8.2412,2016,53,1278,1,22
34.5864,8.2412,2021,132,1459,1,10
34.6563,2.5272,2024,34,1502,1,1
34.6663,-0.0748716,2006,68,188,1,61
34.7333,-0.5,1998,40,1192,1,32
34.7519,0.282731,2003,53,614,2,34
34.7519,0.282731,2005,106,614,2,81
34.7519,0.282731,2005,200,168,1,178
34.7519,0.282731,2008,62,614,2,57
34.7519,0.282731,2015,48,614,2,4
34.7562,0.164699,2006,33,188,1,28
34.7626,-16.0311,2010,69,1207,1,0
34.768,-0.091702,1999,47,402,1,42
34.768,-0.091702,2008,155,380,1,147
34.768,-0.091702,2011,745,402,1,285
34.768,-0.091702,2019,203,1004,1,0
34.768,-0.0917016,2004,244,247,1,237
34.768,-0.0917016,2008,87,324,1,63
34.768,-0.0917016,2009,69,324,1,47
34.768,-0.0917016,2010,88,361,2,57
34.768,-0.0917016,2010,124,324,1,54
34.768,-0.0917016,2011,53,324,1,17
34.772,-0.678306,2005,200,168,1,163
34.7795,-0.6766,2008,18,1286,1,18
34.7795,-0.6766,2011,18,1286,1,10
34.7795,-0.6766,2012,47,1286,1,26
34.7795,-0.6766,2013,46,1286,1,11
34.7795,-0.6766,2014,150,1286,1,18
34.8045,-11.2911,2017,34,975,1,0
34.8267,-16.0191,2011,220,555,1,0
34.8539,-6.3069,2003,57,97,1,56
34.8539,-6.3069,2004,40,97,1,37
34.9179,-0.187925,2015,94,946,1,7
34.9663,-15.8877,2004,60,134,1,21
34.9768,-0.0602319,2006,36,188,1,30
35.0058,-15.7861,1992,39,1151,1,33
35.0058,-15.7861,1994,22,1151,1,11
35.0058,-15.7861,1995,98,238,1,15
35.0058,-15.7861,2000,75,1151,1,10
35.0058,-15.7861,2001,25,1151,1,0
35.0058,-15.7861,2004,12,1157,1,0
35.0058,-15.7861,2004,27,134,1,1
35.0058,-15.7861,2004,56,136,1,0
35.0058,-15.7861,2004,244,153,1,0
35.0058,-15.7861,2005,210,238,2,0
35.0058,-15.7861,2007,148,197,2,0
35.0416,-15.7697,2008,911,301,2,2
35.1333,-0.0833333,2006,28,188,1,24
35.2575,0.465231,1998,39,160,1,37
35.2631,9.0243,2011,49,1276,1,49
35.2877,-0.367868,2008,26,1286,1,24
35.2877,-0.367868,2009,13,1286,1,12
35.2877,-0.367868,2010,42,1286,1,36
35.2877,-0.367868,2011,17,1286,1,9
35.2877,-0.367868,2013,24,1286,1,5
35.2877,-0.367868,2014,31,1286,1,5
35.3685,14.0258,2017,87,1500,1,43
35.38,14.03,1998,50,1152,1,38
35.38,14.03,1999,32,1152,1,27
35.3833,14.0333,2001,81,74,1,81
35.3833,14.0333,2002,50,96,1,45
35.388,14.0402,2000,47,141,1,38
35.388,14.0402,2000,100,83,1,81
35.4042,-23.717,2009,136,312,1,95
35.4042,-23.717,2010,195,312,1,104
35.42,13.85,1998,46,1152,1,32
35.42,13.85,1999,31,1152,1,22
35.5658,10.7803,2014,30,571,1,9
35.69,-7.77,2002,17,72,1,11
35.7239,-6.16849,2014,10,423,1,3
35.7435,0.4897,2014,16,1286,1,3
36.4,15.45,2010,62,761,1,48
36.4,15.45,2012,63,330,2,44
36.8219,-1.29207,2008,103,1286,1,96
36.8219,-1.29207,2009,137,1286,1,127
36.8219,-1.29207,2010,28,1373,1,11
36.8219,-1.29207,2010,108,1197,1,87
36.8219,-1.29207,2010,131,1286,1,88
36.8219,-1.29207,2011,159,1286,1,86
36.8219,-1.29207,2012,102,1286,1,76
36.8219,-1.29207,2013,47,1286,1,5
36.8219,-1.29207,2014,237,1286,1,22
36.8384,7.67848,2013,159,398,1,152
36.9541,6.5157,2021,42,1511,1,42
36.9541,6.5157,2021,91,1511,1,91
36.9541,6.5157,2021,224,1459,1,224
37.0669,10.7061,2014,34,571,1,28
37.0669,10.7061,2021,269,1459,1,242
37.1188,6.2813,2021,89,1511,1,89
37.2335,7.7655,2021,29,1459,1,28
37.2335,7.7655,2021,29,1511,1,28
37.3354,-11.0369,2017,70,975,1,0
37.3761,10.6684,2021,101,1511,1,92
37.3827,-14.7507,2020,188,1428,1,0
37.4336,5.8924,2008,77,1276,1,77
37.4336,5.8924,2011,85,1276,1,85
37.6998,11.9227,2021,49,1511,1,44
37.9131,15.5299,2014,180,853,1,152
37.9785,11.3494,2021,119,1459,1,106
37.9785,11.3494,2021,119,1511,1,106
38.2691,-14.3934,2020,418,1428,1,0
38.3083,6.40833,2004,69,98,1,69
38.3438,-4.75269,2013,20,401,1,3
38.3629,7.29283,2012,99,356,1,99
38.476,14.1179,2010,33,1276,1,33
38.4922,-11.1448,2017,26,975,1,0
38.5833,-5.38333,2010,116,344,1,8
38.617,7.0822,2007,71,1276,1,71
38.617,7.0822,2011,98,1276,1,98
38.6667,-6.4,2004,102,179,2,23
38.6667,-6.4,2006,48,1364,1,25
38.6667,-6.4,2008,187,316,1,59
38.6667,-6.4,2010,31,316,1,8
38.6667,-6.4,2011,123,316,1,19
38.7158,7.931,2021,29,1459,1,29
38.7158,7.931,2021,29,1511,1,29
38.7912,9.0028,2021,230,1459,1,225
38.7918,-5.17594,2003,32,394,1,32
38.7918,-5.17594,2003,236,113,1,231
38.7918,-5.17594,2004,117,394,1,113
38.7918,-5.17594,2005,76,394,1,70
38.7918,-5.17594,2019,221,1102,1,2
38.8,-10.717,1999,71,31,1,69
38.8,-10.717,2017,94,975,1,0
38.9067,-6.43725,2006,47,624,1,23
38.9067,-6.43725,2008,180,624,1,54
38.9067,-6.43725,2008,357,260,1,118
38.9067,-6.43725,2012,140,624,1,21
38.9067,-6.43725,2014,110,484,1,5
38.9067,-6.43725,2014,205,624,1,7
38.9356,-7.7253,2010,139,344,1,9
38.9359,-7.72411,2019,443,794,1,1
38.9929,-6.78132,2007,232,259,1,80
38.9929,-6.7813,2017,128,975,1,0
39,7,2008,76,738,1,76
39.0218,-10.7528,2010,71,344,1,5
39.2026,-6.16592,2002,189,56,1,185
39.2026,-6.16592,2002,201,128,2,193
39.2026,-6.16592,2002,396,73,1,383
39.2026,-6.16592,2005,119,396,1,119
39.2026,-6.16592,2005,177,128,2,170
39.2026,-6.16592,2009,44,396,1,38
39.2026,-6.16592,2010,117,303,1,76
39.2026,-6.16592,2010,121,318,1,87
39.2026,-6.16592,2011,41,396,1,38
39.2026,-6.16592,2013,34,396,1,22
39.2026,-6.16592,2013,94,396,1,42
39.2617,8.5299,2016,62,1278,1,61
39.2617,8.5299,2020,23,1370,1,22
39.2833,-6.8,2008,50,354,1,17
39.2833,-6.8,2017,28,1375,1,3
39.3933,-6.10809,2005,174,965,1,172
39.3933,-6.10809,2017,142,965,1,7
39.43,8.67,2020,19,1370,1,16
39.4807,-4.48017,2013,99,403,1,41
39.5833,-4.23333,1999,75,291,1,49
39.5833,-4.23333,2008,77,291,1,40
39.7797,7.8197,2013,133,1395,1,133
39.85,-3.63333,1993,18,192,1,17
39.85,-3.63333,1994,38,192,1,35
39.85,-3.63333,1995,29,192,1,27
39.85,-3.63333,1996,80,943,1,50
39.85,-3.63333,1997,16,192,1,12
39.85,-3.63333,1998,26,192,1,19
39.85,-3.63333,1998,103,943,1,96
39.85,-3.63333,1999,31,192,1,27
39.85,-3.63333,2000,27,192,1,22
39.85,-3.63333,2001,36,192,1,32
39.85,-3.63333,2002,30,192,1,22
39.85,-3.63333,2003,23,192,1,18
39.85,-3.63333,2006,48,192,1,30
39.85,-3.63333,2006,102,943,1,52
39.85,-3.63333,2006,112,203,1,81
39.85,-3.63333,2012,82,943,1,15
39.85,-3.63333,2016,94,943,1,3
39.85,-3.63333,2018,92,943,1,1
39.9167,8.9,2020,41,1370,1,38
39.9167,8.9,2021,172,1511,1,168
39.917,8.89949,2014,44,571,1,25
40.1229,-3.22174,2012,27,1286,1,21
40.1821,-10.2787,2017,14,975,1,0
40.1821,-10.2787,2020,300,1544,2,273
41.3837,9.5613,2021,41,1511,1,37
42.1227,9.31256,2010,195,367,1,31
42.3329,9.2252,2017,31,1278,1,31
42.5903,11.8251,2023,25,1129,1,24
43.2473,-11.7172,2001,30,55,1,25
43.2473,-11.7172,2001,49,1147,1,33
43.2473,-11.7172,2003,20,82,1,18
43.2473,-11.7172,2005,207,144,1,143
43.2473,-11.7172,2018,27,1292,1,1
43.4584,-11.9192,2006,115,507,1,83
43.4584,-11.9192,2014,87,507,1,17
45.05,2.65,2018,17,1399,1,17
45.1169,2.1413,2018,69,1399,1,54
45.1184,-12.7202,2006,45,1192,1,26
46.05,-18.7698,2002,51,86,1,1
46.05,-18.7698,2004,27,135,1,1
46.1258,-22.4036,2006,40,232,1,0
46.3167,-15.7167,2001,25,18,2,0
46.3242,-15.7096,2000,19,1147,1,0
46.9667,-16.1333,2004,26,135,1,0
47.3333,-21.8167,2004,64,135,1,0
47.5167,-18.9333,2000,40,1147,1,0
47.5167,-18.9333,2006,293,199,2,1
47.5167,-18.9333,2007,400,199,2,0
49.4167,-18.15,2001,18,18,1,0
49.65,-14.65,2002,132,86,1,5
49.65,-14.65,2006,666,242,1,2
49.8499,-17.0332,2004,51,1192,1,0
