"Longitude","Latitude","year","PubMedID","Tested","86","184","1246","n","Present","realised","loc","year_bin"
11.9333,3.96667,2018,"34411157",826,FALSE,FALSE,TRUE,1,17,"XXY","D1246Y","(2017,2020]"
34.768,-0.091702,2011,"26236581",745,FALSE,FALSE,TRUE,2,123,"XXY","D1246Y","(2008,2013]"
12.6172,6.4679,2019,"34411157",736,FALSE,FALSE,TRUE,1,44,"XXY","D1246Y","(2017,2020]"
34.1811,0.692778,2012,"28923866",650,FALSE,FALSE,TRUE,2,292,"XXY","D1246Y","(2008,2013]"
34.1811,0.692778,2012,"27401569",616,FALSE,FALSE,TRUE,2,355,"XXY","D1246Y","(2008,2013]"
31.3798,0.552923,2014,"26597254",596,FALSE,FALSE,TRUE,2,292,"XXY","D1246Y","(2013,2017]"
32.5333,1.98333,2013,"500000000",596,FALSE,FALSE,TRUE,2,137,"XXY","D1246Y","(2008,2013]"
32.5333,1.98333,2014,"null",596,FALSE,FALSE,TRUE,2,149,"XXY","D1246Y","(2013,2017]"
34.1532,2.83087,2022,"39826559",537,FALSE,FALSE,TRUE,2,46,"XXY","D1246Y","(2020,2024]"
34.55,-0.0428065,2020,"null",465,FALSE,FALSE,TRUE,1,465,"XXY","D1246Y","(2017,2020]"
38.9359,-7.72411,2019,"32103124",447,FALSE,FALSE,TRUE,2,0,"XXY","D1246Y","(2017,2020]"
34.1811,0.692778,2010,"24446524",438,FALSE,FALSE,TRUE,2,407,"XXY","D1246Y","(2008,2013]"
-2.3561,13.2018,2020,"41327422",426,FALSE,FALSE,TRUE,2,0,"XXY","D1246Y","(2017,2020]"
-4.914,10.2799,2020,"41327422",423,FALSE,FALSE,TRUE,2,3,"XXY","D1246Y","(2017,2020]"
34.1811,0.692778,2018,"34553183",419,FALSE,FALSE,TRUE,2,64,"XXY","D1246Y","(2017,2020]"
38.7918,-5.17594,2019,"38876161",379,FALSE,FALSE,TRUE,2,5,"XXY","D1246Y","(2017,2020]"
-13.5784,9.64119,2016,"32580771",370,FALSE,FALSE,TRUE,1,7,"XXY","D1246Y","(2013,2017]"
-2.18869,12.6842,2020,"41327422",362,FALSE,FALSE,TRUE,2,2,"XXY","D1246Y","(2017,2020]"
34.0147,0.77578,2013,"28039354",362,FALSE,FALSE,TRUE,2,126,"XXY","D1246Y","(2008,2013]"
-2.18869,12.6842,2013,"27031231",351,FALSE,FALSE,TRUE,1,3,"XXY","D1246Y","(2008,2013]"
-7.559,12.865,2020,"40823868",346,FALSE,FALSE,TRUE,2,4,"XXY","D1246Y","(2017,2020]"
32.5833,-25.9667,2011,"25098280",337,FALSE,FALSE,TRUE,2,11,"XXY","D1246Y","(2008,2013]"
-0.1974,5.5593,2020,"39968164",336,FALSE,FALSE,TRUE,NA,0,"XXY","D1246Y","(2017,2020]"
-2.1273,12.6335,2013,"27031231",325,FALSE,FALSE,TRUE,1,8,"XXY","D1246Y","(2008,2013]"
34.1811,0.692778,2011,"25753626",320,FALSE,FALSE,TRUE,1,136,"XXY","D1246Y","(2008,2013]"
34.2422,-0.0617328,2016,"32795367",320,FALSE,FALSE,TRUE,1,30,"XXY","D1246Y","(2013,2017]"
-15.6178,11.8817,2015,"28546554",313,FALSE,FALSE,TRUE,1,3,"XXY","D1246Y","(2013,2017]"
34.0147,0.77578,2012,"28039354",300,FALSE,FALSE,TRUE,2,150,"XXY","D1246Y","(2008,2013]"
34.0092,0.4365,2016,"33020152",299,FALSE,FALSE,TRUE,1,22,"XXY","D1246Y","(2013,2017]"
-8.2483,11.642,2016,"34034754",298,FALSE,FALSE,TRUE,1,5,"XXY","D1246Y","(2013,2017]"
-8.7674,6.74875,2008,"27596849",294,FALSE,FALSE,TRUE,2,113,"XXY","D1246Y","(1974,2008]"
34.0147,0.77578,2015,"28039354",286,FALSE,FALSE,TRUE,2,74,"XXY","D1246Y","(2013,2017]"
28.2833,-15.4167,2018,"39148823",282,FALSE,FALSE,TRUE,2,5,"XXY","D1246Y","(2017,2020]"
37.0669,10.7061,2021,"null",280,FALSE,FALSE,TRUE,2,0,"XXY","D1246Y","(2020,2024]"
34.206,-0.436792,2011,"24994911",278,FALSE,FALSE,TRUE,NA,0,"XXY","D1246Y","(2008,2013]"
12.7391,-0.815042,2014,"27538948",271,FALSE,FALSE,TRUE,2,16,"XXY","D1246Y","(2013,2017]"
43.2473,-11.7172,2006,"19704124",271,FALSE,FALSE,TRUE,NA,210,"XXY","D1246Y","(1974,2008]"
37.0669,10.7061,2021,"40681807",270,FALSE,FALSE,TRUE,NA,0,"XXY","D1246Y","(2020,2024]"
38.4404,-5.16156,2004,"22144430",268,FALSE,FALSE,TRUE,2,247,"XXY","D1246Y","(1974,2008]"
4.57108,7.96122,2021,"40200353",262,FALSE,FALSE,TRUE,2,3,"XXY","D1246Y","(2020,2024]"
8.767,3.73203,2004,"34906159",262,FALSE,FALSE,TRUE,2,3,"XXY","D1246Y","(1974,2008]"
-4.03778,11.4347,2009,"24733476",261,FALSE,FALSE,TRUE,2,20,"XXY","D1246Y","(2008,2013]"
34.1811,0.692778,2012,"25753626",258,FALSE,FALSE,TRUE,1,93,"XXY","D1246Y","(2008,2013]"
39.2026,-6.16592,2002,"17467344",257,FALSE,FALSE,TRUE,2,72,"XXY","D1246Y","(1974,2008]"
9.3146,4.08925,2011,"29854394",250,FALSE,FALSE,TRUE,2,0,"XXY","D1246Y","(2008,2013]"
38.7912,9.0028,2021,"null",246,FALSE,FALSE,TRUE,2,0,"XXY","D1246Y","(2020,2024]"
9.77049,1.86165,2013,"28086777",244,FALSE,FALSE,TRUE,1,9,"XXY","D1246Y","(2008,2013]"
49.65,-14.65,2006,"20967251",240,FALSE,FALSE,TRUE,1,80,"XXY","D1246Y","(1974,2008]"
34.0149,-11.4606,2020,"41059932",227,FALSE,FALSE,TRUE,2,0,"XXY","D1246Y","(2017,2020]"
36.9541,6.5157,2021,"null",227,FALSE,FALSE,TRUE,2,9,"XXY","D1246Y","(2020,2024]"
-13.2937,8.45456,2021,"41080970",226,FALSE,FALSE,TRUE,1,4,"XXY","D1246Y","(2020,2024]"
9.3146,4.08925,2004,"29854394",226,FALSE,FALSE,TRUE,2,7,"XXY","D1246Y","(1974,2008]"
30.91,3.03,2016,"30418593",226,FALSE,FALSE,TRUE,2,18,"XXY","D1246Y","(2013,2017]"
37.3827,-14.7507,2020,"39985013",225,FALSE,FALSE,TRUE,1,1,"XXY","D1246Y","(2017,2020]"
34.1811,0.692778,2010,"24629020",223,FALSE,FALSE,TRUE,2,129,"XXY","D1246Y","(2008,2013]"
38.7918,-5.17594,2003,"17194834",222,FALSE,FALSE,TRUE,2,180,"XXY","D1246Y","(1974,2008]"
-7.559,12.865,2019,"40823868",218,FALSE,FALSE,TRUE,2,5,"XXY","D1246Y","(2017,2020]"
34.0149,0.776,2012,"28327148",215,FALSE,FALSE,TRUE,1,117,"XXY","D1246Y","(2008,2013]"
-1.27314,5.5662,2013,"27026134",214,FALSE,FALSE,TRUE,2,35,"XXY","D1246Y","(2008,2013]"
29.7181,-2.56041,2018,"34228534",212,FALSE,FALSE,TRUE,1,5,"XXY","D1246Y","(2017,2020]"
-8.20697,12.1509,2016,"31718631",207,FALSE,FALSE,TRUE,1,2,"XXY","D1246Y","(2013,2017]"
34.1811,0.692778,2015,"28968782",207,FALSE,FALSE,TRUE,2,55,"XXY","D1246Y","(2013,2017]"
34.3833,-0.183333,2012,"36100912",207,FALSE,FALSE,TRUE,1,28,"XXY","D1246Y","(2008,2013]"
28.2833,-15.4167,2016,"40506728",205,FALSE,FALSE,TRUE,2,4,"XXY","D1246Y","(2013,2017]"
9.76464,4.05885,2020,"35357271",203,FALSE,FALSE,TRUE,2,203,"XXY","D1246Y","(2017,2020]"
14.2343,-6.2649,2015,"29458380",201,FALSE,FALSE,TRUE,1,8,"XXY","D1246Y","(2013,2017]"
24.6667,-17.5,2023,"40744004",201,FALSE,FALSE,TRUE,2,4,"XXY","D1246Y","(2020,2024]"
24.6667,-17.5,2023,"null",201,FALSE,FALSE,TRUE,2,4,"XXY","D1246Y","(2020,2024]"
34.1811,0.692778,2003,"16641472",201,FALSE,FALSE,TRUE,2,177,"XXY","D1246Y","(1974,2008]"
34.1811,0.692778,2004,"17562798",201,FALSE,FALSE,TRUE,2,167,"XXY","D1246Y","(1974,2008]"
34.55,-0.0428065,2005,"18671871",200,FALSE,FALSE,TRUE,2,133,"XXY","D1246Y","(1974,2008]"
34.7519,0.282731,2005,"18671871",200,FALSE,FALSE,TRUE,2,120,"XXY","D1246Y","(1974,2008]"
34.772,-0.678306,2005,"18671871",200,FALSE,FALSE,TRUE,2,116,"XXY","D1246Y","(1974,2008]"
-14.9422,12.9004,2019,"38982475",198,FALSE,FALSE,TRUE,2,0,"XXY","D1246Y","(2017,2020]"
29.3133,-2.1346,2015,"27647575",197,FALSE,FALSE,TRUE,2,35,"XXY","D1246Y","(2013,2017]"
34.1811,0.692778,2008,"24610872",197,FALSE,FALSE,TRUE,1,112,"XXY","D1246Y","(1974,2008]"
2.15976,6.66446,2007,"24100489",195,FALSE,FALSE,TRUE,2,23,"XXY","D1246Y","(1974,2008]"
42.1227,9.31256,2010,"24964730",195,FALSE,FALSE,TRUE,2,0,"XXY","D1246Y","(2008,2013]"
13.4165,-12.5905,2015,"29458380",194,FALSE,FALSE,TRUE,1,0,"XXY","D1246Y","(2013,2017]"
32.4325,15.5018,2016,"32817665",194,FALSE,FALSE,TRUE,1,3,"XXY","D1246Y","(2013,2017]"
32.5814,0.321956,2006,"21881128",194,FALSE,FALSE,TRUE,2,164,"XXY","D1246Y","(1974,2008]"
34.2422,-0.0617328,2012,"26392510",194,FALSE,FALSE,TRUE,2,38,"XXY","D1246Y","(2008,2013]"
39.2026,-6.16592,2005,"17467344",193,FALSE,FALSE,TRUE,2,42,"XXY","D1246Y","(1974,2008]"
38.7912,9.0028,2021,"40681807",193,FALSE,FALSE,TRUE,NA,0,"XXY","D1246Y","(2020,2024]"
1.4193,6.65634,2022,"38570791",192,FALSE,FALSE,TRUE,2,0,"XXY","D1246Y","(2020,2024]"
16.7001,8.46722,2017,"35279140",187,FALSE,FALSE,TRUE,1,0,"XXY","D1246Y","(2013,2017]"
34.1811,0.692778,2003,"24799371",185,FALSE,FALSE,TRUE,2,182,"XXY","D1246Y","(1974,2008]"
39.2026,-6.16592,2002,"17550470",185,FALSE,FALSE,TRUE,2,77,"XXY","D1246Y","(1974,2008]"
39.9167,8.9,2021,"40681807",185,FALSE,FALSE,TRUE,2,0,"XXY","D1246Y","(2020,2024]"
38.6667,-6.4,2008,"23506218",184,FALSE,FALSE,TRUE,2,26,"XXY","D1246Y","(1974,2008]"
10.1739,1.74579,2005,"23537170",180,FALSE,FALSE,TRUE,2,4,"XXY","D1246Y","(1974,2008]"
16.7001,8.46722,2016,"null",179,FALSE,FALSE,TRUE,2,0,"XXY","D1246Y","(2013,2017]"
18.5833,4.36667,2004,"16474071",178,FALSE,FALSE,TRUE,2,32,"XXY","D1246Y","(1974,2008]"
30.0592,-2.31204,2015,"27647575",178,FALSE,FALSE,TRUE,2,37,"XXY","D1246Y","(2013,2017]"
-15.6,11.8667,2002,"17488902",177,FALSE,FALSE,TRUE,2,1,"XXY","D1246Y","(1974,2008]"
-4.29177,11.1781,2022,"38411062",175,FALSE,FALSE,TRUE,2,0,"XXY","D1246Y","(2020,2024]"
39.3933,-6.10809,2005,"32687050",175,FALSE,FALSE,TRUE,1,44,"XXY","D1246Y","(1974,2008]"
-17.366,14.7645,2010,"25199781",174,FALSE,FALSE,TRUE,2,0,"XXY","D1246Y","(2008,2013]"
8.767,3.73203,2013,"34906159",170,FALSE,FALSE,TRUE,2,3,"XXY","D1246Y","(2008,2013]"
32.5814,0.321956,2006,"21078941",170,FALSE,FALSE,TRUE,2,133,"XXY","D1246Y","(1974,2008]"
33.5592,14.3987,2017,"40439506",170,FALSE,FALSE,TRUE,1,0,"XXY","D1246Y","(2013,2017]"
8.767,3.73203,2016,"34906159",169,FALSE,FALSE,TRUE,2,0,"XXY","D1246Y","(2013,2017]"
-17.366,14.7645,2010,"22694921",168,FALSE,FALSE,TRUE,2,0,"XXY","D1246Y","(2008,2013]"
34.1811,0.692778,2009,"24610872",168,FALSE,FALSE,TRUE,1,86,"XXY","D1246Y","(2008,2013]"
46.05,-18.7698,2006,"19704124",168,FALSE,FALSE,TRUE,NA,46,"XXY","D1246Y","(1974,2008]"
26.9522,-10.9424,2018,"38016502",167,FALSE,FALSE,TRUE,1,2,"XXY","D1246Y","(2017,2020]"
34.1811,0.692778,2011,"24610872",167,FALSE,FALSE,TRUE,1,42,"XXY","D1246Y","(2008,2013]"
-8.20697,12.1509,2016,"36267403",166,FALSE,FALSE,TRUE,1,2,"XXY","D1246Y","(2013,2017]"
1.19777,7.75615,2022,"38570791",165,FALSE,FALSE,TRUE,2,0,"XXY","D1246Y","(2020,2024]"
34.55,-0.0428065,2008,"29363453",165,FALSE,FALSE,TRUE,2,144,"XXY","D1246Y","(1974,2008]"
8.767,3.73203,2011,"34906159",163,FALSE,FALSE,TRUE,2,0,"XXY","D1246Y","(2008,2013]"
32.2881,2.7724,2016,"32070358",163,FALSE,FALSE,TRUE,2,5,"XXY","D1246Y","(2013,2017]"
-8.1356,12.6129,2012,"36267403",162,FALSE,FALSE,TRUE,1,2,"XXY","D1246Y","(2008,2013]"
11.5167,3.86667,2020,"37028468",161,FALSE,FALSE,TRUE,1,0,"XXY","D1246Y","(2017,2020]"
14.4351,-5.56277,2018,"38016502",160,FALSE,FALSE,TRUE,1,1,"XXY","D1246Y","(2017,2020]"
35.0058,-15.7861,2002,"19426667",160,FALSE,FALSE,TRUE,1,6,"XXY","D1246Y","(1974,2008]"
8.767,3.73203,2006,"34906159",158,FALSE,FALSE,TRUE,2,1,"XXY","D1246Y","(1974,2008]"
22.3177,-6.02425,2018,"38016502",158,FALSE,FALSE,TRUE,1,1,"XXY","D1246Y","(2017,2020]"
25.2202,0.515363,2018,"38016502",158,FALSE,FALSE,TRUE,1,0,"XXY","D1246Y","(2017,2020]"
29.128,-2.884,2021,"40666336",157,FALSE,FALSE,TRUE,2,5,"XXY","D1246Y","(2020,2024]"
-17.366,14.7645,2010,"23510258",156,FALSE,FALSE,TRUE,2,2,"XXY","D1246Y","(2008,2013]"
-1.58333,6.45,2012,"29582732",155,FALSE,FALSE,TRUE,1,2,"XXY","D1246Y","(2008,2013]"
-1.0833,6.8,2018,"41094456",155,FALSE,FALSE,TRUE,1,1,"XXY","D1246Y","(2017,2020]"
32.5833,0.316667,2008,"23220229",154,FALSE,FALSE,TRUE,2,146,"XXY","D1246Y","(1974,2008]"
29.662,-4.88376,2017,"33107096",152,FALSE,FALSE,TRUE,1,4,"XXY","D1246Y","(2013,2017]"
34.5167,10.0667,2020,"37270589",152,FALSE,FALSE,TRUE,1,15,"XXY","D1246Y","(2017,2020]"
8.74812,3.61983,2012,"25348116",151,FALSE,FALSE,TRUE,1,0,"XXY","D1246Y","(2008,2013]"
-4.29177,11.1781,2006,"20231394",150,FALSE,FALSE,TRUE,1,14,"XXY","D1246Y","(1974,2008]"
2.62885,6.49686,2017,"40506728",150,FALSE,FALSE,TRUE,2,0,"XXY","D1246Y","(2013,2017]"
28.2833,-15.4167,2017,"33002448",150,FALSE,FALSE,TRUE,1,3,"XXY","D1246Y","(2013,2017]"
20.8805,-0.2816,2018,"38016502",149,FALSE,FALSE,TRUE,1,3,"XXY","D1246Y","(2017,2020]"
-2.18869,12.6842,2014,"33172485",147,FALSE,FALSE,TRUE,1,0,"XXY","D1246Y","(2013,2017]"
33.3306,2.98472,2023,"39802777",146,FALSE,FALSE,TRUE,2,3,"XXY","D1246Y","(2020,2024]"
34.1811,0.692778,2008,"24799371",146,FALSE,FALSE,TRUE,2,111,"XXY","D1246Y","(1974,2008]"
13.2344,-8.83833,2014,"30259821",145,FALSE,FALSE,TRUE,NA,2,"XXY","D1246Y","(2013,2017]"
-1.58333,6.45,2012,"29582732",144,FALSE,FALSE,TRUE,1,2,"XXY","D1246Y","(2008,2013]"
33.712,-13.9632,2020,"41059932",144,FALSE,FALSE,TRUE,2,0,"XXY","D1246Y","(2017,2020]"
34.1811,0.692778,2023,"39802777",144,FALSE,FALSE,TRUE,2,10,"XXY","D1246Y","(2020,2024]"
39.3933,-6.10809,2017,"32687050",144,FALSE,FALSE,TRUE,1,3,"XXY","D1246Y","(2013,2017]"
32.2881,2.7724,2014,"28068997",143,FALSE,FALSE,TRUE,2,9,"XXY","D1246Y","(2013,2017]"
38.9359,-7.72411,2010,"25007802",143,FALSE,FALSE,TRUE,2,9,"XXY","D1246Y","(2008,2013]"
34.1811,0.692778,2021,"39802777",142,FALSE,FALSE,TRUE,2,13,"XXY","D1246Y","(2020,2024]"
8.767,3.73203,2019,"34906159",139,FALSE,FALSE,TRUE,2,0,"XXY","D1246Y","(2017,2020]"
18.5833,4.36667,2004,"22462737",139,FALSE,FALSE,TRUE,2,49,"XXY","D1246Y","(1974,2008]"
29.4461,-1.1855,2018,"38016502",139,FALSE,FALSE,TRUE,1,29,"XXY","D1246Y","(2017,2020]"
40.1821,-10.2787,2020,"40938322",138,FALSE,FALSE,TRUE,1,0,"XXY","D1246Y","(2017,2020]"
34.4563,-13.7756,2000,"15287598",136,FALSE,FALSE,TRUE,1,3,"XXY","D1246Y","(1974,2008]"
9.29454,0.411743,2010,"22362010",135,FALSE,FALSE,TRUE,1,28,"XXY","D1246Y","(2008,2013]"
34.1,7.7,2021,"40681807",135,FALSE,FALSE,TRUE,2,0,"XXY","D1246Y","(2020,2024]"
34.5864,8.2412,2021,"null",135,FALSE,FALSE,TRUE,2,0,"XXY","D1246Y","(2020,2024]"
6.017,13.9,2017,"36006247",134,FALSE,FALSE,TRUE,1,0,"XXY","D1246Y","(2013,2017]"
13.5833,-1.63333,2009,"21251998",134,FALSE,FALSE,TRUE,2,15,"XXY","D1246Y","(2008,2013]"
30.6193,-0.611435,2013,"29390014",134,FALSE,FALSE,TRUE,2,35,"XXY","D1246Y","(2008,2013]"
33.2042,0.424444,2016,"32660999",134,FALSE,FALSE,TRUE,1,12,"XXY","D1246Y","(2013,2017]"
34.1,7.7,2021,"null",134,FALSE,FALSE,TRUE,2,0,"XXY","D1246Y","(2020,2024]"
33.45,-8.9,2010,"25007802",133,FALSE,FALSE,TRUE,2,14,"XXY","D1246Y","(2008,2013]"
11.5167,3.86667,2014,"37028468",131,FALSE,FALSE,TRUE,1,2,"XXY","D1246Y","(2013,2017]"
34.5864,8.2412,2021,"40681807",131,FALSE,FALSE,TRUE,NA,0,"XXY","D1246Y","(2020,2024]"
-16.9256,14.7896,2011,"38982475",130,FALSE,FALSE,TRUE,2,1,"XXY","D1246Y","(2008,2013]"
46.1258,-22.4036,2006,"19704124",130,FALSE,FALSE,TRUE,NA,10,"XXY","D1246Y","(1974,2008]"
-12.1782,12.5659,2017,"38982475",128,FALSE,FALSE,TRUE,1,0,"XXY","D1246Y","(2013,2017]"
34.1811,0.692778,2010,"24610872",128,FALSE,FALSE,TRUE,1,47,"XXY","D1246Y","(2008,2013]"
38.4404,-5.16156,2003,"22144430",128,FALSE,FALSE,TRUE,2,92,"XXY","D1246Y","(1974,2008]"
14.2343,-6.2649,2023,"40297444",128,FALSE,FALSE,TRUE,NA,0,"XXY","D1246Y","(2020,2024]"
31.6606,-1.84916,2010,"25007802",127,FALSE,FALSE,TRUE,2,15,"XXY","D1246Y","(2008,2013]"
32,1,2018,"34952573",127,FALSE,FALSE,TRUE,1,11,"XXY","D1246Y","(2017,2020]"
32.2881,2.7724,2015,"32070358",127,FALSE,FALSE,TRUE,2,2,"XXY","D1246Y","(2013,2017]"
-16.6409,13.2748,2013,"28971859",125,FALSE,FALSE,TRUE,1,4,"XXY","D1246Y","(2008,2013]"
38.6667,-6.4,2011,"23506218",125,FALSE,FALSE,TRUE,2,19,"XXY","D1246Y","(2008,2013]"
31.0241,-1.71925,2022,"39159633",123,FALSE,FALSE,TRUE,2,3,"XXY","D1246Y","(2020,2024]"
37.9785,11.3494,2021,"40681807",123,FALSE,FALSE,TRUE,2,0,"XXY","D1246Y","(2020,2024]"
37.9785,11.3494,2021,"null",123,FALSE,FALSE,TRUE,2,0,"XXY","D1246Y","(2020,2024]"
8.08167,17.6078,2012,"29486766",121,FALSE,FALSE,TRUE,2,5,"XXY","D1246Y","(2008,2013]"
32.5833,-25.9667,2004,"25098280",121,FALSE,FALSE,TRUE,2,31,"XXY","D1246Y","(1974,2008]"
39.2026,-6.16592,2010,"23510231",121,FALSE,FALSE,TRUE,2,27,"XXY","D1246Y","(2008,2013]"
-16.9256,14.7896,2012,"38982475",120,FALSE,FALSE,TRUE,2,0,"XXY","D1246Y","(2008,2013]"
-16.9256,14.7896,2012,"27562216",119,FALSE,FALSE,TRUE,2,0,"XXY","D1246Y","(2008,2013]"
34.1811,0.692778,2022,"39802777",119,FALSE,FALSE,TRUE,2,5,"XXY","D1246Y","(2020,2024]"
29.662,-4.88376,2016,"null",118,FALSE,FALSE,TRUE,2,0,"XXY","D1246Y","(2013,2017]"
29.7,-0.75,2015,"28039354",116,FALSE,FALSE,TRUE,2,23,"XXY","D1246Y","(2013,2017]"
34.35,11.7667,2016,"32070355",115,FALSE,FALSE,TRUE,1,2,"XXY","D1246Y","(2013,2017]"
43.4584,-11.9192,2006,"27527604",115,FALSE,FALSE,TRUE,1,30,"XXY","D1246Y","(1974,2008]"
38.9929,-6.7813,2017,"33107096",114,FALSE,FALSE,TRUE,1,0,"XXY","D1246Y","(2013,2017]"
39.2026,-6.16592,2005,"25917493",114,FALSE,FALSE,TRUE,2,51,"XXY","D1246Y","(1974,2008]"
9.78368,2.04405,2005,"23537170",113,FALSE,FALSE,TRUE,2,0,"XXY","D1246Y","(1974,2008]"
39.2026,-6.16592,2010,"22966778",113,FALSE,FALSE,TRUE,1,18,"XXY","D1246Y","(2008,2013]"
-12.1782,12.5659,2016,"38982475",112,FALSE,FALSE,TRUE,2,0,"XXY","D1246Y","(2013,2017]"
34.772,-0.678306,2024,"41420179",112,FALSE,FALSE,TRUE,2,9,"XXY","D1246Y","(2020,2024]"
0.501895,6.07275,2018,"35346205",112,FALSE,FALSE,TRUE,NA,0,"XXY","D1246Y","(2017,2020]"
-4.29177,11.1781,2007,"20231394",111,FALSE,FALSE,TRUE,1,4,"XXY","D1246Y","(1974,2008]"
-3.86667,12.7333,2005,"20060374",111,FALSE,FALSE,TRUE,2,6,"XXY","D1246Y","(1974,2008]"
12.4647,-1.14383,2014,"27538948",111,FALSE,FALSE,TRUE,2,16,"XXY","D1246Y","(2013,2017]"
34.1811,0.692778,2010,"24799371",111,FALSE,FALSE,TRUE,2,89,"XXY","D1246Y","(2008,2013]"
34.3833,-0.183333,2017,"36100912",111,FALSE,FALSE,TRUE,1,11,"XXY","D1246Y","(2013,2017]"
-4.29177,11.1781,2003,"16837725",110,FALSE,FALSE,TRUE,2,26,"XXY","D1246Y","(1974,2008]"
34.1811,0.692778,2011,"24799371",110,FALSE,FALSE,TRUE,2,88,"XXY","D1246Y","(2008,2013]"
-9.58389,15.2247,2016,"36267403",109,FALSE,FALSE,TRUE,1,1,"XXY","D1246Y","(2013,2017]"
39.1023,-5.0889,2016,"null",109,FALSE,FALSE,TRUE,2,1,"XXY","D1246Y","(2013,2017]"
21.7587,-4.03833,2013,"29390014",108,FALSE,FALSE,TRUE,2,12,"XXY","D1246Y","(2008,2013]"
34.7519,0.282731,2005,"29363453",108,FALSE,FALSE,TRUE,2,75,"XXY","D1246Y","(1974,2008]"
10.1739,1.74579,2013,"27795385",107,FALSE,FALSE,TRUE,2,3,"XXY","D1246Y","(2008,2013]"
34.1811,0.692778,2012,"24610872",107,FALSE,FALSE,TRUE,1,24,"XXY","D1246Y","(2008,2013]"
39.85,-3.63333,2016,"31591113",107,FALSE,FALSE,TRUE,2,3,"XXY","D1246Y","(2013,2017]"
17.5667,-12.5167,2023,"40297444",107,FALSE,FALSE,TRUE,NA,0,"XXY","D1246Y","(2020,2024]"
32.6365,-25.0247,2018,"33075062",105,FALSE,FALSE,TRUE,1,2,"XXY","D1246Y","(2017,2020]"
37.3761,10.6684,2021,"40681807",105,FALSE,FALSE,TRUE,2,0,"XXY","D1246Y","(2020,2024]"
39.1023,-5.0889,2020,"null",105,FALSE,FALSE,TRUE,1,0,"XXY","D1246Y","(2017,2020]"
13.4165,-12.5905,2023,"40297444",105,FALSE,FALSE,TRUE,NA,0,"XXY","D1246Y","(2020,2024]"
29.662,-4.88376,2018,"null",104,FALSE,FALSE,TRUE,2,0,"XXY","D1246Y","(2017,2020]"
29.7373,-2.60273,2010,"21996622",104,FALSE,FALSE,TRUE,2,12,"XXY","D1246Y","(2008,2013]"
36.9541,-8.8137,2016,"null",104,FALSE,FALSE,TRUE,2,1,"XXY","D1246Y","(2013,2017]"
20.4761,-9.74041,2023,"40297444",104,FALSE,FALSE,TRUE,NA,0,"XXY","D1246Y","(2020,2024]"
15.3139,-4.33167,2008,"19346374",103,FALSE,FALSE,TRUE,2,24,"XXY","D1246Y","(1974,2008]"
33.3306,2.98472,2024,"39802777",103,FALSE,FALSE,TRUE,2,0,"XXY","D1246Y","(2020,2024]"
8.767,3.73203,2001,"34906159",102,FALSE,FALSE,TRUE,2,24,"XXY","D1246Y","(1974,2008]"
32.9,-2.5,2019,"null",102,FALSE,FALSE,TRUE,2,0,"XXY","D1246Y","(2017,2020]"
39.1023,-5.0889,2018,"null",102,FALSE,FALSE,TRUE,2,0,"XXY","D1246Y","(2017,2020]"
-16.6409,13.2748,2015,"28971859",101,FALSE,FALSE,TRUE,1,1,"XXY","D1246Y","(2013,2017]"
34.1811,0.692778,2020,"39802777",101,FALSE,FALSE,TRUE,2,5,"XXY","D1246Y","(2017,2020]"
39.1023,-5.0889,2020,"null",101,FALSE,FALSE,TRUE,1,0,"XXY","D1246Y","(2017,2020]"
-12.1782,12.5659,2015,"38982475",100,FALSE,FALSE,TRUE,2,0,"XXY","D1246Y","(2013,2017]"
-12.1782,12.5659,2019,"38982475",100,FALSE,FALSE,TRUE,2,0,"XXY","D1246Y","(2017,2020]"
-16.0762,14.1608,2020,"38982475",99,FALSE,FALSE,TRUE,2,0,"XXY","D1246Y","(2017,2020]"
29.7181,-2.56041,2023,"38092677",99,FALSE,FALSE,TRUE,1,85,"XXY","D1246Y","(2020,2024]"
-16.2341,14.658,2020,"38982475",98,FALSE,FALSE,TRUE,2,0,"XXY","D1246Y","(2017,2020]"
-14.9422,12.9004,2020,"38982475",98,FALSE,FALSE,TRUE,2,0,"XXY","D1246Y","(2017,2020]"
2.10674,13.5098,2020,"38741101",98,FALSE,FALSE,TRUE,2,0,"XXY","D1246Y","(2017,2020]"
38.6667,-6.4,2004,"19210165",98,FALSE,FALSE,TRUE,2,48,"XXY","D1246Y","(1974,2008]"
-1.24723,5.10506,2015,"31932374",97,FALSE,FALSE,TRUE,2,3,"XXY","D1246Y","(2013,2017]"
3.91667,7.39639,2018,"40113916",97,FALSE,FALSE,TRUE,2,47,"XXY","D1246Y","(2017,2020]"
30.5042,-1.80002,2021,"38196592",97,FALSE,FALSE,TRUE,2,2,"XXY","D1246Y","(2020,2024]"
32.8225,-5.03225,2019,"null",97,FALSE,FALSE,TRUE,2,0,"XXY","D1246Y","(2017,2020]"
34.5382,0.08982,2007,"25889220",97,FALSE,FALSE,TRUE,2,42,"XXY","D1246Y","(1974,2008]"
13.5833,-1.63333,2004,"21251998",96,FALSE,FALSE,TRUE,2,10,"XXY","D1246Y","(1974,2008]"
20.4761,-9.74041,2015,"29458380",96,FALSE,FALSE,TRUE,1,0,"XXY","D1246Y","(2013,2017]"
7.0336,4.8242,2010,"33823558",95,FALSE,FALSE,TRUE,1,8,"XXY","D1246Y","(2008,2013]"
13.6643,-8.47178,2020,"40138574",95,FALSE,FALSE,TRUE,2,0,"XXY","D1246Y","(2017,2020]"
34.0147,0.77578,2013,"29016309",95,FALSE,FALSE,TRUE,1,8,"XXY","D1246Y","(2008,2013]"
34.3186,0.043023,2007,"25889220",95,FALSE,FALSE,TRUE,2,34,"XXY","D1246Y","(1974,2008]"
32.2881,2.7724,2014,"32070358",94,FALSE,FALSE,TRUE,2,85,"XXY","D1246Y","(2013,2017]"
32.9,-2.5,2021,"null",94,FALSE,FALSE,TRUE,2,0,"XXY","D1246Y","(2020,2024]"
34.1685,0.3618,2022,"40739505",94,FALSE,FALSE,TRUE,2,0,"XXY","D1246Y","(2020,2024]"
34.9179,-0.187925,2015,"31756512",94,FALSE,FALSE,TRUE,1,3,"XXY","D1246Y","(2013,2017]"
39.2026,-6.16592,2013,"25917493",94,FALSE,FALSE,TRUE,2,9,"XXY","D1246Y","(2008,2013]"
15.0506,-7.61383,2023,"40297444",94,FALSE,FALSE,TRUE,NA,0,"XXY","D1246Y","(2020,2024]"
-16.9256,14.7896,2008,"38982475",93,FALSE,FALSE,TRUE,2,0,"XXY","D1246Y","(1974,2008]"
-16.9256,14.7896,2010,"38982475",93,FALSE,FALSE,TRUE,2,9,"XXY","D1246Y","(2008,2013]"
-12.1782,12.5659,2020,"38982475",93,FALSE,FALSE,TRUE,2,0,"XXY","D1246Y","(2017,2020]"
32.6365,-25.0247,2016,"33075062",93,FALSE,FALSE,TRUE,1,0,"XXY","D1246Y","(2013,2017]"
34.1811,0.692778,2009,"24799371",92,FALSE,FALSE,TRUE,2,80,"XXY","D1246Y","(2008,2013]"
36.9541,6.5157,2021,"40681807",92,FALSE,FALSE,TRUE,2,7,"XXY","D1246Y","(2020,2024]"
38.8205,-7.3238,2016,"null",92,FALSE,FALSE,TRUE,2,0,"XXY","D1246Y","(2013,2017]"
47.9835,-14.8762,2006,"19704124",92,FALSE,FALSE,TRUE,NA,32,"XXY","D1246Y","(1974,2008]"
3.44667,11.8878,2020,"38741101",91,FALSE,FALSE,TRUE,2,0,"XXY","D1246Y","(2017,2020]"
10.2404,-0.701546,1996,"17096149",91,FALSE,FALSE,TRUE,2,4,"XXY","D1246Y","(1974,2008]"
32.2881,2.7724,2017,"32070358",91,FALSE,FALSE,TRUE,2,2,"XXY","D1246Y","(2013,2017]"
20,-12.2,2023,"40297444",91,FALSE,FALSE,TRUE,NA,0,"XXY","D1246Y","(2020,2024]"
3.91667,7.39639,2006,"19075074",90,FALSE,FALSE,TRUE,2,21,"XXY","D1246Y","(1974,2008]"
10.0588,5.4539,2017,"33940188",90,FALSE,FALSE,TRUE,1,0,"XXY","D1246Y","(2013,2017]"
34.768,-0.0917016,2004,"21106088",90,FALSE,FALSE,TRUE,1,4,"XXY","D1246Y","(1974,2008]"
37.1188,6.2813,2021,"40681807",90,FALSE,FALSE,TRUE,2,2,"XXY","D1246Y","(2020,2024]"
-8.33048,12.1151,2016,"36267403",89,FALSE,FALSE,TRUE,1,1,"XXY","D1246Y","(2013,2017]"
40.1821,-10.2787,2019,"null",89,FALSE,FALSE,TRUE,2,0,"XXY","D1246Y","(2017,2020]"
30.0874,16.0858,2008,"21896916",89,FALSE,FALSE,TRUE,NA,7,"XXY","D1246Y","(1974,2008]"
29.6745,-4.91155,2016,"30898164",88,FALSE,FALSE,TRUE,2,0,"XXY","D1246Y","(2013,2017]"
32.9,-2.5,2010,"25007802",88,FALSE,FALSE,TRUE,2,15,"XXY","D1246Y","(2008,2013]"
35.8167,-8.8,2016,"30898164",88,FALSE,FALSE,TRUE,2,1,"XXY","D1246Y","(2013,2017]"
37.4336,5.8924,2011,"31516103",88,FALSE,FALSE,TRUE,1,29,"XXY","D1246Y","(2008,2013]"
38.3438,-4.75269,2016,"30898164",88,FALSE,FALSE,TRUE,2,1,"XXY","D1246Y","(2013,2017]"
39.85,-3.63333,2018,"31591113",88,FALSE,FALSE,TRUE,2,1,"XXY","D1246Y","(2017,2020]"
-16.9256,14.7896,2009,"38982475",87,FALSE,FALSE,TRUE,2,0,"XXY","D1246Y","(2008,2013]"
6.6131,0.1864,2020,"40874193",87,FALSE,FALSE,TRUE,2,19,"XXY","D1246Y","(2017,2020]"
15.3069,-4.36637,2022,"38377612",87,FALSE,FALSE,TRUE,2,4,"XXY","D1246Y","(2020,2024]"
35.3685,14.0258,2017,"40439506",87,FALSE,FALSE,TRUE,1,0,"XXY","D1246Y","(2013,2017]"
38.8205,-7.3238,2018,"null",87,FALSE,FALSE,TRUE,2,0,"XXY","D1246Y","(2017,2020]"
43.4584,-11.9192,2014,"27527604",87,FALSE,FALSE,TRUE,1,12,"XXY","D1246Y","(2013,2017]"
7.25427,9.05465,2014,"30259821",87,FALSE,FALSE,TRUE,NA,1,"XXY","D1246Y","(2013,2017]"
38.7918,-5.17594,2004,"25890383",87,FALSE,FALSE,TRUE,NA,69,"XXY","D1246Y","(1974,2008]"
6.6131,0.1864,2021,"40874193",86,FALSE,FALSE,TRUE,2,45,"XXY","D1246Y","(2020,2024]"
34.55,-0.0428065,2015,"29363453",86,FALSE,FALSE,TRUE,2,8,"XXY","D1246Y","(2013,2017]"
36.9541,-8.8137,2018,"null",86,FALSE,FALSE,TRUE,2,0,"XXY","D1246Y","(2017,2020]"
-9.5451,16.6912,1998,"12479542",85,FALSE,FALSE,TRUE,2,0,"XXY","D1246Y","(1974,2008]"
29.0111,-2.69748,2018,"33864801",85,FALSE,FALSE,TRUE,1,3,"XXY","D1246Y","(2017,2020]"
36.9541,-8.8137,2020,"null",85,FALSE,FALSE,TRUE,2,1,"XXY","D1246Y","(2017,2020]"
39.1023,-5.0889,2010,"25007802",85,FALSE,FALSE,TRUE,2,40,"XXY","D1246Y","(2008,2013]"
-16.2341,14.658,2019,"38982475",84,FALSE,FALSE,TRUE,2,0,"XXY","D1246Y","(2017,2020]"
33.45,-8.9,2019,"null",84,FALSE,FALSE,TRUE,2,0,"XXY","D1246Y","(2017,2020]"
38.8,-10.717,2017,"33107096",84,FALSE,FALSE,TRUE,1,0,"XXY","D1246Y","(2013,2017]"
-16.9256,14.7896,2019,"38982475",83,FALSE,FALSE,TRUE,2,0,"XXY","D1246Y","(2017,2020]"
-9.41323,15.8175,2010,"28381273",83,FALSE,FALSE,TRUE,2,2,"XXY","D1246Y","(2008,2013]"
7.48333,9.06667,2014,"33109270",83,FALSE,FALSE,TRUE,1,0,"XXY","D1246Y","(2013,2017]"
6.91033,6.00971,2014,"31590670",82,FALSE,FALSE,TRUE,1,3,"XXY","D1246Y","(2013,2017]"
30.5042,-1.80002,2018,"33864801",82,FALSE,FALSE,TRUE,1,8,"XXY","D1246Y","(2017,2020]"
31.6326,-1.93493,2017,"33107096",81,FALSE,FALSE,TRUE,1,2,"XXY","D1246Y","(2013,2017]"
39.85,-3.63333,1998,"31591113",81,FALSE,FALSE,TRUE,2,52,"XXY","D1246Y","(1974,2008]"
8.70697,3.75353,2014,"30259821",81,FALSE,FALSE,TRUE,NA,1,"XXY","D1246Y","(2013,2017]"
34.206,-0.436792,2009,"23836177",80,FALSE,FALSE,TRUE,1,30,"XXY","D1246Y","(2008,2013]"
38.9929,-6.78132,2016,"30898164",80,FALSE,FALSE,TRUE,2,0,"XXY","D1246Y","(2013,2017]"
15.2983,-4.31642,2022,"38874098",79,FALSE,FALSE,TRUE,2,1,"XXY","D1246Y","(2020,2024]"
29.7,-0.75,2012,"28039354",79,FALSE,FALSE,TRUE,2,50,"XXY","D1246Y","(2008,2013]"
31.7687,-2.6378,2017,"33107096",79,FALSE,FALSE,TRUE,1,1,"XXY","D1246Y","(2013,2017]"
34.1811,0.692778,2012,"24799371",79,FALSE,FALSE,TRUE,2,37,"XXY","D1246Y","(2008,2013]"
38.4404,-5.16156,2007,"22144430",79,FALSE,FALSE,TRUE,2,51,"XXY","D1246Y","(1974,2008]"
38.8205,-7.3238,2020,"null",79,FALSE,FALSE,TRUE,2,0,"XXY","D1246Y","(2017,2020]"
-16.6409,13.2748,2012,"28971859",78,FALSE,FALSE,TRUE,1,0,"XXY","D1246Y","(2008,2013]"
-11.7383,7.96472,2018,"36532481",78,FALSE,FALSE,TRUE,1,3,"XXY","D1246Y","(2017,2020]"
0.0955,10.5168,2011,"33284800",78,FALSE,FALSE,TRUE,1,4,"XXY","D1246Y","(2008,2013]"
34.2422,-0.0617328,2003,"17467344",78,FALSE,FALSE,TRUE,2,36,"XXY","D1246Y","(1974,2008]"
32.8225,-5.03225,2021,"null",77,FALSE,FALSE,TRUE,2,0,"XXY","D1246Y","(2020,2024]"
33.3306,2.98472,2022,"39802777",77,FALSE,FALSE,TRUE,2,1,"XXY","D1246Y","(2020,2024]"
37.4336,5.8924,2008,"31516103",77,FALSE,FALSE,TRUE,1,44,"XXY","D1246Y","(1974,2008]"
-1.24723,5.10506,2014,"31932374",76,FALSE,FALSE,TRUE,2,2,"XXY","D1246Y","(2013,2017]"
-1.24723,5.10506,2016,"31932374",76,FALSE,FALSE,TRUE,2,1,"XXY","D1246Y","(2013,2017]"
38.4404,-5.16156,2006,"22144430",76,FALSE,FALSE,TRUE,2,67,"XXY","D1246Y","(1974,2008]"
39,7,2008,"21810256",76,FALSE,FALSE,TRUE,1,13,"XXY","D1246Y","(1974,2008]"
-17.366,14.7645,2014,"31108084",75,FALSE,FALSE,TRUE,2,0,"XXY","D1246Y","(2013,2017]"
0.0955,10.5168,2013,"33284800",75,FALSE,FALSE,TRUE,1,3,"XXY","D1246Y","(2008,2013]"
3.233,6.6909,2018,"31248414",75,FALSE,FALSE,TRUE,1,14,"XXY","D1246Y","(2017,2020]"
-0.375209,6.38591,2015,"31932374",74,FALSE,FALSE,TRUE,2,1,"XXY","D1246Y","(2013,2017]"
-0.2,5.55,2018,"32698879",74,FALSE,FALSE,TRUE,1,12,"XXY","D1246Y","(2017,2020]"
-0.375209,6.38591,2014,"31932374",73,FALSE,FALSE,TRUE,2,0,"XXY","D1246Y","(2013,2017]"
0.0955,10.5168,2010,"33284800",73,FALSE,FALSE,TRUE,1,7,"XXY","D1246Y","(2008,2013]"
0.0955,10.5168,2012,"33284800",73,FALSE,FALSE,TRUE,1,3,"XXY","D1246Y","(2008,2013]"
7.98677,16.9744,2020,"38741101",73,FALSE,FALSE,TRUE,2,0,"XXY","D1246Y","(2017,2020]"
34.1811,0.692778,2024,"39802777",73,FALSE,FALSE,TRUE,2,5,"XXY","D1246Y","(2020,2024]"
34.55,-0.0428065,2005,"29363453",73,FALSE,FALSE,TRUE,2,63,"XXY","D1246Y","(1974,2008]"
19.5,-16.083,2023,"40297444",73,FALSE,FALSE,TRUE,NA,0,"XXY","D1246Y","(2020,2024]"
34.1811,0.692778,2010,"25753626",72,FALSE,FALSE,TRUE,1,31,"XXY","D1246Y","(2008,2013]"
3.5408,6.60957,2014,"39841324",71,FALSE,FALSE,TRUE,2,0,"XXY","D1246Y","(2013,2017]"
6.6131,0.1864,2022,"40874193",71,FALSE,FALSE,TRUE,2,54,"XXY","D1246Y","(2020,2024]"
12.7391,-0.815042,2018,"34335033",71,FALSE,FALSE,TRUE,1,26,"XXY","D1246Y","(2017,2020]"
38.617,7.0822,2007,"31516103",71,FALSE,FALSE,TRUE,1,23,"XXY","D1246Y","(1974,2008]"
-10.1636,16.3915,2010,"28381273",70,FALSE,FALSE,TRUE,2,0,"XXY","D1246Y","(2008,2013]"
6.73334,0.330192,2004,"17313506",70,FALSE,FALSE,TRUE,2,16,"XXY","D1246Y","(1974,2008]"
32.8711,-25.2684,2016,"31623623",70,FALSE,FALSE,TRUE,2,0,"XXY","D1246Y","(2013,2017]"
39.0218,-10.7528,2010,"25007802",70,FALSE,FALSE,TRUE,2,15,"XXY","D1246Y","(2008,2013]"
0.0955,10.5168,2014,"33284800",69,FALSE,FALSE,TRUE,1,1,"XXY","D1246Y","(2013,2017]"
4.2436,8.1227,2019,"null",69,FALSE,FALSE,TRUE,2,1,"XXY","D1246Y","(2017,2020]"
30.383,-5.1015,2017,"33107096",69,FALSE,FALSE,TRUE,1,3,"XXY","D1246Y","(2013,2017]"
34.7626,-16.0311,2010,"24948693",69,FALSE,FALSE,TRUE,1,0,"XXY","D1246Y","(2008,2013]"
45.1169,2.1413,2018,"37170467",69,FALSE,FALSE,TRUE,1,0,"XXY","D1246Y","(2017,2020]"
-15.6983,13.0391,2016,"33770151",68,FALSE,FALSE,TRUE,1,1,"XXY","D1246Y","(2013,2017]"
8.592,12.0022,2019,"null",68,FALSE,FALSE,TRUE,2,0,"XXY","D1246Y","(2017,2020]"
34.6663,-0.0748716,2006,"19398039",68,FALSE,FALSE,TRUE,2,64,"XXY","D1246Y","(1974,2008]"
-16.6409,13.2748,2014,"28971859",67,FALSE,FALSE,TRUE,1,0,"XXY","D1246Y","(2013,2017]"
34.7519,0.282731,2008,"29363453",67,FALSE,FALSE,TRUE,2,63,"XXY","D1246Y","(1974,2008]"
29.662,-4.88376,2020,"null",65,FALSE,FALSE,TRUE,2,1,"XXY","D1246Y","(2017,2020]"
29.8915,-4.4962,2017,"33107096",65,FALSE,FALSE,TRUE,1,3,"XXY","D1246Y","(2013,2017]"
37.3354,-11.0369,2017,"33107096",65,FALSE,FALSE,TRUE,1,0,"XXY","D1246Y","(2013,2017]"
40.1821,-10.2787,2021,"null",65,FALSE,FALSE,TRUE,2,0,"XXY","D1246Y","(2020,2024]"
38.7918,-5.17594,2005,"25890383",65,FALSE,FALSE,TRUE,NA,49,"XXY","D1246Y","(1974,2008]"
3.5408,6.60957,2021,"39210367",64,FALSE,FALSE,TRUE,1,1,"XXY","D1246Y","(2020,2024]"
11.5167,3.86667,1998,"12224572",64,FALSE,FALSE,TRUE,2,1,"XXY","D1246Y","(1974,2008]"
36.4,15.45,2012,"23870667",63,FALSE,FALSE,TRUE,1,0,"XXY","D1246Y","(2008,2013]"
11.5167,3.86667,2018,"35862750",62,FALSE,FALSE,TRUE,1,0,"XXY","D1246Y","(2017,2020]"
32.2881,2.7724,2018,"32070358",62,FALSE,FALSE,TRUE,2,6,"XXY","D1246Y","(2017,2020]"
33.2315,0.442926,2012,"28039354",62,FALSE,FALSE,TRUE,2,36,"XXY","D1246Y","(2008,2013]"
3.5408,6.60957,2021,"39210367",61,FALSE,FALSE,TRUE,2,4,"XXY","D1246Y","(2020,2024]"
18.5833,4.36667,2009,"22462737",61,FALSE,FALSE,TRUE,2,5,"XXY","D1246Y","(2008,2013]"
29.7,-0.75,2013,"28039354",61,FALSE,FALSE,TRUE,2,6,"XXY","D1246Y","(2008,2013]"
34.2744,-0.09978,2007,"19187521",61,FALSE,FALSE,TRUE,1,26,"XXY","D1246Y","(1974,2008]"
34.3833,-0.183333,2007,"25889220",61,FALSE,FALSE,TRUE,2,25,"XXY","D1246Y","(1974,2008]"
-1.24723,5.10506,2017,"31932374",60,FALSE,FALSE,TRUE,2,0,"XXY","D1246Y","(2013,2017]"
6.73334,0.330192,2013,"34906134",60,FALSE,FALSE,TRUE,1,2,"XXY","D1246Y","(2008,2013]"
8.767,3.73203,1999,"34906159",60,FALSE,FALSE,TRUE,2,4,"XXY","D1246Y","(1974,2008]"
10.2404,-0.701546,2002,"17096149",60,FALSE,FALSE,TRUE,2,3,"XXY","D1246Y","(1974,2008]"
34.4563,13.7756,1998,"15287598",60,FALSE,FALSE,TRUE,1,3,"XXY","D1246Y","(1974,2008]"
34.768,-0.091702,2024,"41420179",60,FALSE,FALSE,TRUE,2,5,"XXY","D1246Y","(2020,2024]"
35.8333,9.75,2020,"37270589",60,FALSE,FALSE,TRUE,1,4,"XXY","D1246Y","(2017,2020]"
9.5154,0.3999,2014,"37104310",58,FALSE,FALSE,TRUE,2,1,"XXY","D1246Y","(2013,2017]"
10.2404,-0.701546,1996,"11751128",58,FALSE,FALSE,TRUE,2,4,"XXY","D1246Y","(1974,2008]"
3.65722,6.8213,2014,"39841324",57,FALSE,FALSE,TRUE,2,0,"XXY","D1246Y","(2013,2017]"
39.85,-3.63333,1996,"31591113",57,FALSE,FALSE,TRUE,2,21,"XXY","D1246Y","(1974,2008]"
-0.375209,6.38591,2016,"31932374",56,FALSE,FALSE,TRUE,2,0,"XXY","D1246Y","(2013,2017]"
35.0058,-15.7861,2004,"17556619",56,FALSE,FALSE,TRUE,2,2,"XXY","D1246Y","(1974,2008]"
13.5833,-1.63333,2014,"27538948",55,FALSE,FALSE,TRUE,2,7,"XXY","D1246Y","(2013,2017]"
3.5964,6.5644,2019,"null",54,FALSE,FALSE,TRUE,2,0,"XXY","D1246Y","(2017,2020]"
11.5167,3.86667,2018,"35862750",54,FALSE,FALSE,TRUE,1,0,"XXY","D1246Y","(2017,2020]"
14.7762,-12.3537,2010,"25889865",54,FALSE,FALSE,TRUE,2,1,"XXY","D1246Y","(2008,2013]"
-16.9256,14.7896,2014,"38982475",53,FALSE,FALSE,TRUE,2,0,"XXY","D1246Y","(2013,2017]"
-9.58389,15.2247,2016,"31718631",53,FALSE,FALSE,TRUE,1,1,"XXY","D1246Y","(2013,2017]"
9.8404,10.306,2019,"null",53,FALSE,FALSE,TRUE,2,0,"XXY","D1246Y","(2017,2020]"
32.8879,2.2586,2015,"31014391",52,FALSE,FALSE,TRUE,1,4,"XXY","D1246Y","(2013,2017]"
33.3306,2.98472,2021,"39802777",52,FALSE,FALSE,TRUE,2,0,"XXY","D1246Y","(2020,2024]"
37.6998,11.9227,2021,"40681807",52,FALSE,FALSE,TRUE,2,0,"XXY","D1246Y","(2020,2024]"
31.9167,-26.2167,1999,"20199676",51,FALSE,FALSE,TRUE,2,25,"XXY","D1246Y","(1974,2008]"
49.8499,-17.0332,2004,"20726766",51,FALSE,FALSE,TRUE,1,19,"XXY","D1246Y","(1974,2008]"
-1.09028,10.8847,1996,"18411325",51,FALSE,FALSE,TRUE,NA,0,"XXY","D1246Y","(1974,2008]"
12.15,-15.195,2023,"40297444",51,FALSE,FALSE,TRUE,NA,0,"XXY","D1246Y","(2020,2024]"
46.9833,-25.0333,2006,"19704124",51,FALSE,FALSE,TRUE,NA,1,"XXY","D1246Y","(1974,2008]"
-16.9256,14.7896,2013,"27562216",50,FALSE,FALSE,TRUE,2,0,"XXY","D1246Y","(2008,2013]"
-16.9256,14.7896,2013,"38982475",50,FALSE,FALSE,TRUE,2,0,"XXY","D1246Y","(2008,2013]"
-4.29177,11.1781,2005,"17292769",50,FALSE,FALSE,TRUE,2,7,"XXY","D1246Y","(1974,2008]"
-4.29177,11.1781,2005,"17336652",50,FALSE,FALSE,TRUE,2,7,"XXY","D1246Y","(1974,2008]"
-2.33333,7.33333,2008,"24172030",50,FALSE,FALSE,TRUE,1,7,"XXY","D1246Y","(1974,2008]"
-0.375209,6.38591,2008,"24172030",50,FALSE,FALSE,TRUE,1,3,"XXY","D1246Y","(1974,2008]"
-0.01667,9.4333,2008,"24172030",50,FALSE,FALSE,TRUE,1,4,"XXY","D1246Y","(1974,2008]"
32.0344,-27.6186,1996,"10492764",50,FALSE,FALSE,TRUE,1,13,"XXY","D1246Y","(1974,2008]"
32.8333,1.63333,2016,"30559133",50,FALSE,FALSE,TRUE,1,50,"XXY","D1246Y","(2013,2017]"
39.2026,-6.16592,2009,"25917493",50,FALSE,FALSE,TRUE,2,17,"XXY","D1246Y","(2008,2013]"
-1.62197,6.68712,2023,"41094545",49,FALSE,FALSE,TRUE,2,0,"XXY","D1246Y","(2020,2024]"
-1.1,10.9,2008,"24172030",49,FALSE,FALSE,TRUE,1,6,"XXY","D1246Y","(1974,2008]"
0.46,7.15,2008,"24172030",49,FALSE,FALSE,TRUE,1,2,"XXY","D1246Y","(1974,2008]"
5.5932,7.1989,2019,"null",49,FALSE,FALSE,TRUE,2,0,"XXY","D1246Y","(2017,2020]"
29.9856,-1.24196,2016,"30559133",49,FALSE,FALSE,TRUE,1,45,"XXY","D1246Y","(2013,2017]"
35.2631,9.0243,2011,"31516103",49,FALSE,FALSE,TRUE,1,0,"XXY","D1246Y","(2008,2013]"
-16.9256,14.7896,2020,"38982475",48,FALSE,FALSE,TRUE,2,2,"XXY","D1246Y","(2017,2020]"
-3.0264,13.9003,2005,"20726766",48,FALSE,FALSE,TRUE,1,0,"XXY","D1246Y","(1974,2008]"
-2.33333,7.33333,2008,"21288822",48,FALSE,FALSE,TRUE,1,5,"XXY","D1246Y","(1974,2008]"
-1.58333,6.45,2008,"24172030",48,FALSE,FALSE,TRUE,1,3,"XXY","D1246Y","(1974,2008]"
30.91,3.03,2016,"30559133",48,FALSE,FALSE,TRUE,1,48,"XXY","D1246Y","(2013,2017]"
33.2042,0.424444,2016,"30559133",48,FALSE,FALSE,TRUE,1,46,"XXY","D1246Y","(2013,2017]"
33.2042,0.424444,2019,"33146722",48,FALSE,FALSE,TRUE,1,1,"XXY","D1246Y","(2017,2020]"
33.3306,2.98472,2021,"36289202",48,FALSE,FALSE,TRUE,1,0,"XXY","D1246Y","(2020,2024]"
39.85,-3.63333,2012,"31591113",48,FALSE,FALSE,TRUE,2,0,"XXY","D1246Y","(2008,2013]"
-8.31791,12.1977,2007,"36267403",47,FALSE,FALSE,TRUE,1,1,"XXY","D1246Y","(1974,2008]"
-1.24723,5.10506,2008,"21288822",47,FALSE,FALSE,TRUE,1,3,"XXY","D1246Y","(1974,2008]"
13.0212,-1.8301,2000,"20726766",47,FALSE,FALSE,TRUE,1,10,"XXY","D1246Y","(1974,2008]"
30.2801,0.6546,2024,"40265952",47,FALSE,FALSE,TRUE,2,2,"XXY","D1246Y","(2020,2024]"
31.395,0.5575,2016,"30559133",47,FALSE,FALSE,TRUE,1,41,"XXY","D1246Y","(2013,2017]"
34.1811,0.692778,2016,"30559133",47,FALSE,FALSE,TRUE,1,39,"XXY","D1246Y","(2013,2017]"
34.1811,0.692778,2017,"30559133",47,FALSE,FALSE,TRUE,1,41,"XXY","D1246Y","(2013,2017]"
34.768,-0.091702,1999,"26236581",47,FALSE,FALSE,TRUE,2,28,"XXY","D1246Y","(1974,2008]"
35.3833,14.0333,2006,"23836177",47,FALSE,FALSE,TRUE,1,2,"XXY","D1246Y","(1974,2008]"
39.85,-3.63333,2006,"31591113",47,FALSE,FALSE,TRUE,2,18,"XXY","D1246Y","(1974,2008]"
47.5541,-23.5251,2018,"34732201",47,FALSE,FALSE,TRUE,2,1,"XXY","D1246Y","(2017,2020]"
12.2018,-5.5762,2018,"33827587",46,FALSE,FALSE,TRUE,1,1,"XXY","D1246Y","(2017,2020]"
13.5833,-1.63333,2010,"23153201",46,FALSE,FALSE,TRUE,2,14,"XXY","D1246Y","(2008,2013]"
29.7426,-0.819525,2016,"30559133",46,FALSE,FALSE,TRUE,1,41,"XXY","D1246Y","(2013,2017]"
31.395,0.5575,2016,"30559133",46,FALSE,FALSE,TRUE,1,43,"XXY","D1246Y","(2013,2017]"
32.8,3.53333,2016,"30559133",46,FALSE,FALSE,TRUE,1,46,"XXY","D1246Y","(2013,2017]"
29.7426,-0.819525,2016,"30559133",45,FALSE,FALSE,TRUE,1,41,"XXY","D1246Y","(2013,2017]"
33.2315,0.442926,2013,"28039354",45,FALSE,FALSE,TRUE,2,11,"XXY","D1246Y","(2008,2013]"
33.9602,1.91601,2018,"33146722",45,FALSE,FALSE,TRUE,1,9,"XXY","D1246Y","(2017,2020]"
45.1184,-12.7202,2006,"20726766",45,FALSE,FALSE,TRUE,1,31,"XXY","D1246Y","(1974,2008]"
49.65,-14.65,2006,"19704124",45,FALSE,FALSE,TRUE,NA,17,"XXY","D1246Y","(1974,2008]"
31.3556,1.42975,2018,"33146722",44,FALSE,FALSE,TRUE,1,3,"XXY","D1246Y","(2017,2020]"
-17.4,14.75,2000,"12201579",43,FALSE,FALSE,TRUE,2,1,"XXY","D1246Y","(1974,2008]"
-8.6135,7.6866,1978,"28288632",43,FALSE,FALSE,TRUE,2,0,"XXY","D1246Y","(1974,2008]"
-1.24723,5.10506,2008,"24172030",43,FALSE,FALSE,TRUE,1,3,"XXY","D1246Y","(1974,2008]"
-0.375209,6.38591,2017,"31932374",43,FALSE,FALSE,TRUE,2,1,"XXY","D1246Y","(2013,2017]"
9.78368,2.04405,2013,"27795385",43,FALSE,FALSE,TRUE,2,8,"XXY","D1246Y","(2008,2013]"
29.7426,-0.819525,2017,"30559133",43,FALSE,FALSE,TRUE,1,38,"XXY","D1246Y","(2013,2017]"
34.1781,1.0871,2024,"40514714",43,FALSE,FALSE,TRUE,2,0,"XXY","D1246Y","(2020,2024]"
36.9541,6.5157,2021,"40681807",43,FALSE,FALSE,TRUE,2,0,"XXY","D1246Y","(2020,2024]"
32.5333,1.98333,2024,"40514714",42,FALSE,FALSE,TRUE,2,0,"XXY","D1246Y","(2020,2024]"
32.8011,2.42861,2016,"30559133",42,FALSE,FALSE,TRUE,1,41,"XXY","D1246Y","(2013,2017]"
33.3306,2.98472,2016,"30559133",42,FALSE,FALSE,TRUE,1,39,"XXY","D1246Y","(2013,2017]"
33.3306,2.98472,2017,"30559133",42,FALSE,FALSE,TRUE,1,42,"XXY","D1246Y","(2013,2017]"
39.2026,-6.16592,2011,"25917493",42,FALSE,FALSE,TRUE,2,12,"XXY","D1246Y","(2008,2013]"
-6.91667,10.7833,2016,"36267403",41,FALSE,FALSE,TRUE,1,1,"XXY","D1246Y","(2013,2017]"
-1.58333,6.45,2008,"21288822",41,FALSE,FALSE,TRUE,2,0,"XXY","D1246Y","(1974,2008]"
13.2344,-8.83833,2016,"31358591",41,FALSE,FALSE,TRUE,1,0,"XXY","D1246Y","(2013,2017]"
15.2833,-4.26667,2010,"28420403",41,FALSE,FALSE,TRUE,2,9,"XXY","D1246Y","(2008,2013]"
27.0018,-16.3811,2016,"39500918",41,FALSE,FALSE,TRUE,1,0,"XXY","D1246Y","(2013,2017]"
30.2121,-1.99169,2018,"33864801",41,FALSE,FALSE,TRUE,1,3,"XXY","D1246Y","(2017,2020]"
30.91,3.03,2017,"30559133",41,FALSE,FALSE,TRUE,1,40,"XXY","D1246Y","(2013,2017]"
32.2881,2.7724,2013,"32070358",41,FALSE,FALSE,TRUE,2,5,"XXY","D1246Y","(2008,2013]"
32.8011,2.42861,2016,"30559133",41,FALSE,FALSE,TRUE,1,40,"XXY","D1246Y","(2013,2017]"
33.2042,0.424444,2016,"30559133",41,FALSE,FALSE,TRUE,1,35,"XXY","D1246Y","(2013,2017]"
34.7519,0.282731,2015,"29363453",41,FALSE,FALSE,TRUE,2,1,"XXY","D1246Y","(2013,2017]"
-2.52147,10.0621,2008,"24172030",40,FALSE,FALSE,TRUE,1,5,"XXY","D1246Y","(1974,2008]"
-1.58333,6.45,2006,"24172030",40,FALSE,FALSE,TRUE,1,9,"XXY","D1246Y","(1974,2008]"
-1.1,10.9,2006,"24172030",40,FALSE,FALSE,TRUE,1,6,"XXY","D1246Y","(1974,2008]"
-1.09028,10.8847,2008,"21288822",40,FALSE,FALSE,TRUE,2,1,"XXY","D1246Y","(1974,2008]"
-0.01667,9.4333,2006,"24172030",40,FALSE,FALSE,TRUE,1,5,"XXY","D1246Y","(1974,2008]"
32.5814,0.321956,2007,"20065051",40,FALSE,FALSE,TRUE,1,31,"XXY","D1246Y","(1974,2008]"
32.8011,2.42861,2017,"30559133",40,FALSE,FALSE,TRUE,1,40,"XXY","D1246Y","(2013,2017]"
32.8333,1.63333,2016,"30559133",40,FALSE,FALSE,TRUE,1,37,"XXY","D1246Y","(2013,2017]"
32.8333,1.63333,2017,"30559133",40,FALSE,FALSE,TRUE,1,40,"XXY","D1246Y","(2013,2017]"
33.2042,0.424444,2017,"30559133",40,FALSE,FALSE,TRUE,1,39,"XXY","D1246Y","(2013,2017]"
33.3306,2.98472,2016,"30559133",40,FALSE,FALSE,TRUE,1,37,"XXY","D1246Y","(2013,2017]"
34.7333,-0.5,1998,"20726766",40,FALSE,FALSE,TRUE,1,14,"XXY","D1246Y","(1974,2008]"
43.7908,6.6612,2021,"40681807",40,FALSE,FALSE,TRUE,NA,0,"XXY","D1246Y","(2020,2024]"
-2.52147,10.0621,2006,"24172030",39,FALSE,FALSE,TRUE,1,6,"XXY","D1246Y","(1974,2008]"
-1.24723,5.10506,2006,"24172030",39,FALSE,FALSE,TRUE,1,3,"XXY","D1246Y","(1974,2008]"
-0.375209,6.38591,2006,"24172030",39,FALSE,FALSE,TRUE,1,5,"XXY","D1246Y","(1974,2008]"
3.34282,6.46632,2014,"39841324",39,FALSE,FALSE,TRUE,2,2,"XXY","D1246Y","(2013,2017]"
5.9339,5.704,2019,"null",39,FALSE,FALSE,TRUE,2,0,"XXY","D1246Y","(2017,2020]"
31.395,0.5575,2017,"30559133",39,FALSE,FALSE,TRUE,1,33,"XXY","D1246Y","(2013,2017]"
31.5777,4.85282,2022,"38874098",39,FALSE,FALSE,TRUE,2,4,"XXY","D1246Y","(2020,2024]"
32.8,3.53333,2017,"30559133",39,FALSE,FALSE,TRUE,1,38,"XXY","D1246Y","(2013,2017]"
34.1811,0.692778,2007,"24799371",39,FALSE,FALSE,TRUE,2,30,"XXY","D1246Y","(1974,2008]"
41.3837,9.5613,2021,"40681807",39,FALSE,FALSE,TRUE,2,0,"XXY","D1246Y","(2020,2024]"
35.2575,0.465231,1998,"18411325",39,FALSE,FALSE,TRUE,NA,0,"XXY","D1246Y","(1974,2008]"
-23.5109,14.9431,2017,"33789667",38,FALSE,FALSE,TRUE,1,0,"XXY","D1246Y","(2013,2017]"
13.2344,-8.83833,2013,"31358591",38,FALSE,FALSE,TRUE,2,0,"XXY","D1246Y","(2008,2013]"
29.7426,-0.819525,2018,"33146722",38,FALSE,FALSE,TRUE,1,8,"XXY","D1246Y","(2017,2020]"
32,1,2021,"36289202",38,FALSE,FALSE,TRUE,1,2,"XXY","D1246Y","(2020,2024]"
-9.62316,16.6587,2010,"28381273",37,FALSE,FALSE,TRUE,2,0,"XXY","D1246Y","(2008,2013]"
31.3556,1.42975,2019,"33146722",37,FALSE,FALSE,TRUE,1,1,"XXY","D1246Y","(2017,2020]"
32.8,3.53333,2016,"30559133",37,FALSE,FALSE,TRUE,1,37,"XXY","D1246Y","(2013,2017]"
34.5587,0.56946,2018,"39103358",37,FALSE,FALSE,TRUE,2,4,"XXY","D1246Y","(2017,2020]"
33.2042,0.424444,2018,"33146722",36,FALSE,FALSE,TRUE,1,15,"XXY","D1246Y","(2017,2020]"
34.9768,-0.0602319,2006,"19398039",36,FALSE,FALSE,TRUE,2,32,"XXY","D1246Y","(1974,2008]"
15.2833,-4.26667,2010,"30121345",36,FALSE,FALSE,TRUE,NA,0,"XXY","D1246Y","(2008,2013]"
-2.33333,7.33333,2006,"24172030",35,FALSE,FALSE,TRUE,1,5,"XXY","D1246Y","(1974,2008]"
-0.2993,5.7021,2018,"33163636",35,FALSE,FALSE,TRUE,1,6,"XXY","D1246Y","(2017,2020]"
30.91,3.03,2016,"30559133",35,FALSE,FALSE,TRUE,1,35,"XXY","D1246Y","(2013,2017]"
31.395,0.5575,2018,"33146722",35,FALSE,FALSE,TRUE,1,1,"XXY","D1246Y","(2017,2020]"
33.2315,0.442926,2015,"28039354",35,FALSE,FALSE,TRUE,2,7,"XXY","D1246Y","(2013,2017]"
34.1811,0.692778,2016,"30559133",35,FALSE,FALSE,TRUE,1,31,"XXY","D1246Y","(2013,2017]"
34.6563,2.5272,2024,"40514714",35,FALSE,FALSE,TRUE,2,0,"XXY","D1246Y","(2020,2024]"
4.2078,12.4376,2019,"null",34,FALSE,FALSE,TRUE,2,0,"XXY","D1246Y","(2017,2020]"
33.45,-8.9,2021,"null",34,FALSE,FALSE,TRUE,2,0,"XXY","D1246Y","(2020,2024]"
34.1321,3.51472,2018,"33146722",34,FALSE,FALSE,TRUE,1,1,"XXY","D1246Y","(2017,2020]"
34.1811,0.692778,2018,"33146722",34,FALSE,FALSE,TRUE,1,4,"XXY","D1246Y","(2017,2020]"
37.0669,10.7061,2014,"28746333",34,FALSE,FALSE,TRUE,2,0,"XXY","D1246Y","(2013,2017]"
13.2344,-8.83833,2013,"26670642",33,FALSE,FALSE,TRUE,2,0,"XXY","D1246Y","(2008,2013]"
27.0443,-16.4361,2016,"39500918",33,FALSE,FALSE,TRUE,2,0,"XXY","D1246Y","(2013,2017]"
32,1,1994,"10747279",33,FALSE,FALSE,TRUE,1,5,"XXY","D1246Y","(1974,2008]"
32.8,3.53333,2018,"33146722",33,FALSE,FALSE,TRUE,1,5,"XXY","D1246Y","(2017,2020]"
32.8011,2.42861,2018,"33146722",33,FALSE,FALSE,TRUE,1,6,"XXY","D1246Y","(2017,2020]"
34.7562,0.164699,2006,"19398039",33,FALSE,FALSE,TRUE,2,30,"XXY","D1246Y","(1974,2008]"
34.8045,-11.2911,2017,"33107096",33,FALSE,FALSE,TRUE,1,0,"XXY","D1246Y","(2013,2017]"
38.4404,-5.16156,2008,"22144430",33,FALSE,FALSE,TRUE,2,24,"XXY","D1246Y","(1974,2008]"
38.476,14.1179,2010,"31516103",33,FALSE,FALSE,TRUE,1,2,"XXY","D1246Y","(2008,2013]"
-13.7916,9.60222,2014,"30259821",33,FALSE,FALSE,TRUE,NA,0,"XXY","D1246Y","(2013,2017]"
-0.2,5.55,2014,"30259821",33,FALSE,FALSE,TRUE,NA,0,"XXY","D1246Y","(2013,2017]"
10.5868,-1.22002,2014,"27538948",32,FALSE,FALSE,TRUE,2,0,"XXY","D1246Y","(2013,2017]"
13.2344,-8.83833,2012,"26670642",32,FALSE,FALSE,TRUE,2,1,"XXY","D1246Y","(2008,2013]"
38.6667,-6.4,2010,"23506218",32,FALSE,FALSE,TRUE,2,5,"XXY","D1246Y","(2008,2013]"
38.7158,7.931,2021,"40681807",32,FALSE,FALSE,TRUE,2,0,"XXY","D1246Y","(2020,2024]"
38.7158,7.931,2021,"null",32,FALSE,FALSE,TRUE,2,0,"XXY","D1246Y","(2020,2024]"
-13.2937,8.45456,2014,"30259821",32,FALSE,FALSE,TRUE,NA,3,"XXY","D1246Y","(2013,2017]"
7.48333,9.06667,2019,"33968801",31,FALSE,FALSE,TRUE,1,0,"XXY","D1246Y","(2017,2020]"
13.2344,-8.83833,2011,"26670642",31,FALSE,FALSE,TRUE,2,0,"XXY","D1246Y","(2008,2013]"
27.1647,-16.2408,2017,"39500918",31,FALSE,FALSE,TRUE,2,2,"XXY","D1246Y","(2013,2017]"
33.3306,2.98472,2018,"33146722",31,FALSE,FALSE,TRUE,1,5,"XXY","D1246Y","(2017,2020]"
34.194,-0.3529,2016,"37452073",31,FALSE,FALSE,TRUE,1,5,"XXY","D1246Y","(2013,2017]"
49.4167,-18.15,2006,"19704124",31,FALSE,FALSE,TRUE,NA,8,"XXY","D1246Y","(1974,2008]"
3.67,6.66389,2014,"39841324",30,FALSE,FALSE,TRUE,2,0,"XXY","D1246Y","(2013,2017]"
5.5983,9.9309,2019,"null",30,FALSE,FALSE,TRUE,2,0,"XXY","D1246Y","(2017,2020]"
35.5658,10.7803,2014,"28746333",30,FALSE,FALSE,TRUE,2,0,"XXY","D1246Y","(2013,2017]"
46.6843,-16.1008,2018,"34732201",30,FALSE,FALSE,TRUE,2,3,"XXY","D1246Y","(2017,2020]"
32.5814,0.321956,1998,"18411325",30,FALSE,FALSE,TRUE,NA,0,"XXY","D1246Y","(1974,2008]"
3.38457,6.51941,2008,"25928117",29,FALSE,FALSE,TRUE,2,0,"XXY","D1246Y","(1974,2008]"
27.1763,-16.3403,2016,"39500918",29,FALSE,FALSE,TRUE,2,2,"XXY","D1246Y","(2013,2017]"
34.1811,0.692778,2016,"28923866",29,FALSE,FALSE,TRUE,2,7,"XXY","D1246Y","(2013,2017]"
37.2335,7.7655,2021,"40681807",29,FALSE,FALSE,TRUE,2,0,"XXY","D1246Y","(2020,2024]"
37.2335,7.7655,2021,"null",29,FALSE,FALSE,TRUE,2,0,"XXY","D1246Y","(2020,2024]"
0.46,7.15,2004,"24172030",28,FALSE,FALSE,TRUE,1,3,"XXY","D1246Y","(1974,2008]"
13.2344,-8.83833,2015,"31358591",28,FALSE,FALSE,TRUE,2,1,"XXY","D1246Y","(2013,2017]"
30.0867,0.172391,2019,"33146722",28,FALSE,FALSE,TRUE,1,3,"XXY","D1246Y","(2017,2020]"
30.9614,3.41397,2018,"33146722",28,FALSE,FALSE,TRUE,1,2,"XXY","D1246Y","(2017,2020]"
34.7519,0.282731,2003,"29363453",28,FALSE,FALSE,TRUE,2,20,"XXY","D1246Y","(1974,2008]"
35.1333,-0.0833333,2006,"19398039",28,FALSE,FALSE,TRUE,2,27,"XXY","D1246Y","(1974,2008]"
3.38457,6.51941,2011,"26808627",28,FALSE,FALSE,TRUE,NA,0,"XXY","D1246Y","(2008,2013]"
13.2344,-8.83833,2007,"20565881",28,FALSE,FALSE,TRUE,NA,0,"XXY","D1246Y","(1974,2008]"
15.2833,-4.26667,2014,"30259821",28,FALSE,FALSE,TRUE,NA,2,"XXY","D1246Y","(2013,2017]"
-16.9256,14.7667,2007,"22430961",27,FALSE,FALSE,TRUE,1,0,"XXY","D1246Y","(1974,2008]"
-16.6944,13.4695,1996,"10802315",27,FALSE,FALSE,TRUE,1,0,"XXY","D1246Y","(1974,2008]"
-1.1,10.9,2004,"24172030",27,FALSE,FALSE,TRUE,1,1,"XXY","D1246Y","(1974,2008]"
14.4,-18.4,2023,"40744004",27,FALSE,FALSE,TRUE,2,0,"XXY","D1246Y","(2020,2024]"
14.4,-18.4,2023,"null",27,FALSE,FALSE,TRUE,2,0,"XXY","D1246Y","(2020,2024]"
29.7426,-0.819525,2019,"33146722",27,FALSE,FALSE,TRUE,1,4,"XXY","D1246Y","(2017,2020]"
42.5903,11.8251,2023,"39596860",27,FALSE,FALSE,TRUE,2,0,"XXY","D1246Y","(2020,2024]"
11.5167,3.86667,2014,"30259821",27,FALSE,FALSE,TRUE,NA,2,"XXY","D1246Y","(2013,2017]"
7.48333,9.06667,2014,"33968801",26,FALSE,FALSE,TRUE,1,1,"XXY","D1246Y","(2013,2017]"
7.48333,9.06667,2017,"33968801",26,FALSE,FALSE,TRUE,1,0,"XXY","D1246Y","(2013,2017]"
11.2666,2.3815,2017,"33940188",26,FALSE,FALSE,TRUE,1,0,"XXY","D1246Y","(2013,2017]"
15.2833,-4.26667,2015,"28420403",26,FALSE,FALSE,TRUE,2,0,"XXY","D1246Y","(2013,2017]"
34.1811,0.692778,2019,"33146722",26,FALSE,FALSE,TRUE,1,5,"XXY","D1246Y","(2017,2020]"
3.33845,6.54083,2014,"39841324",25,FALSE,FALSE,TRUE,2,2,"XXY","D1246Y","(2013,2017]"
30.91,3.03,2018,"33146722",25,FALSE,FALSE,TRUE,1,9,"XXY","D1246Y","(2017,2020]"
33.9602,1.91601,2019,"33146722",25,FALSE,FALSE,TRUE,1,3,"XXY","D1246Y","(2017,2020]"
-0.2704,5.7206,2018,"33163636",24,FALSE,FALSE,TRUE,1,4,"XXY","D1246Y","(2017,2020]"
9.5179,9.2182,2019,"null",24,FALSE,FALSE,TRUE,2,0,"XXY","D1246Y","(2017,2020]"
34.0217,0.2225,2022,"40739505",24,FALSE,FALSE,TRUE,2,0,"XXY","D1246Y","(2020,2024]"
13.2344,-8.83833,2014,"31358591",23,FALSE,FALSE,TRUE,2,0,"XXY","D1246Y","(2013,2017]"
31.395,0.5575,2019,"33146722",23,FALSE,FALSE,TRUE,1,8,"XXY","D1246Y","(2017,2020]"
32.8011,2.42861,2019,"33146722",23,FALSE,FALSE,TRUE,1,0,"XXY","D1246Y","(2017,2020]"
38.4922,-11.1448,2017,"33107096",23,FALSE,FALSE,TRUE,1,0,"XXY","D1246Y","(2013,2017]"
32.8333,1.63333,2018,"33146722",22,FALSE,FALSE,TRUE,1,4,"XXY","D1246Y","(2017,2020]"
39.2026,-6.16592,2013,"25917493",22,FALSE,FALSE,TRUE,2,10,"XXY","D1246Y","(2008,2013]"
-10.8046,6.29582,2014,"30259821",22,FALSE,FALSE,TRUE,NA,2,"XXY","D1246Y","(2013,2017]"
8.3417,4.97572,2019,"null",21,FALSE,FALSE,TRUE,2,0,"XXY","D1246Y","(2017,2020]"
27.0096,-16.5745,2017,"39500918",21,FALSE,FALSE,TRUE,1,0,"XXY","D1246Y","(2013,2017]"
30.0867,0.172391,2018,"33146722",21,FALSE,FALSE,TRUE,1,5,"XXY","D1246Y","(2017,2020]"
32.8,3.53333,2019,"33146722",21,FALSE,FALSE,TRUE,1,1,"XXY","D1246Y","(2017,2020]"
28.2037,-15.4165,2014,"30259821",21,FALSE,FALSE,TRUE,NA,0,"XXY","D1246Y","(2013,2017]"
-2.52147,10.0621,2010,"24172030",20,FALSE,FALSE,TRUE,1,1,"XXY","D1246Y","(2008,2013]"
-1.24723,5.10506,2010,"24172030",20,FALSE,FALSE,TRUE,1,7,"XXY","D1246Y","(2008,2013]"
-1.1,10.9,2010,"24172030",20,FALSE,FALSE,TRUE,1,3,"XXY","D1246Y","(2008,2013]"
-0.01667,9.4333,2010,"24172030",20,FALSE,FALSE,TRUE,1,3,"XXY","D1246Y","(2008,2013]"
32.4325,15.5018,2018,"33160417",20,FALSE,FALSE,TRUE,1,0,"XXY","D1246Y","(2017,2020]"
-0.3302,5.6417,2018,"33163636",19,FALSE,FALSE,TRUE,1,2,"XXY","D1246Y","(2017,2020]"
4.52,7.5629,2019,"null",19,FALSE,FALSE,TRUE,2,0,"XXY","D1246Y","(2017,2020]"
27.1763,-16.3403,2017,"39500918",19,FALSE,FALSE,TRUE,1,0,"XXY","D1246Y","(2013,2017]"
-1.983,5.3,2008,"24172030",18,FALSE,FALSE,TRUE,1,2,"XXY","D1246Y","(1974,2008]"
7.48333,9.06667,2012,"33968801",18,FALSE,FALSE,TRUE,1,0,"XXY","D1246Y","(2008,2013]"
13.2344,-8.83833,2017,"31358591",18,FALSE,FALSE,TRUE,2,0,"XXY","D1246Y","(2013,2017]"
33.9446,-9.55629,2017,"33107096",18,FALSE,FALSE,TRUE,1,0,"XXY","D1246Y","(2013,2017]"
34.4492,1.39583,2019,"33146722",18,FALSE,FALSE,TRUE,1,3,"XXY","D1246Y","(2017,2020]"
34.55,-0.0428065,2003,"29363453",18,FALSE,FALSE,TRUE,2,12,"XXY","D1246Y","(1974,2008]"
38.7918,-5.17594,2003,"25890383",18,FALSE,FALSE,TRUE,NA,13,"XXY","D1246Y","(1974,2008]"
12.4908,9.2149,2019,"null",17,FALSE,FALSE,TRUE,2,0,"XXY","D1246Y","(2017,2020]"
27.0018,-16.3811,2017,"39500918",17,FALSE,FALSE,TRUE,1,0,"XXY","D1246Y","(2013,2017]"
27.0579,-16.3074,2016,"39500918",17,FALSE,FALSE,TRUE,2,0,"XXY","D1246Y","(2013,2017]"
29.9856,-1.24196,2017,"30559133",17,FALSE,FALSE,TRUE,1,16,"XXY","D1246Y","(2013,2017]"
16.0519,1.61241,2013,"30121345",17,FALSE,FALSE,TRUE,NA,0,"XXY","D1246Y","(2008,2013]"
30.91,3.03,2019,"33146722",16,FALSE,FALSE,TRUE,1,2,"XXY","D1246Y","(2017,2020]"
33.7,-13.95,2012,"28264857",16,FALSE,FALSE,TRUE,1,0,"XXY","D1246Y","(2008,2013]"
34.1811,0.692778,2007,"24610872",16,FALSE,FALSE,TRUE,1,7,"XXY","D1246Y","(1974,2008]"
45.05,2.65,2018,"37170467",16,FALSE,FALSE,TRUE,1,0,"XXY","D1246Y","(2017,2020]"
15.3139,-4.33167,2014,"30259821",16,FALSE,FALSE,TRUE,NA,1,"XXY","D1246Y","(2013,2017]"
-0.375209,6.38591,2010,"24172030",15,FALSE,FALSE,TRUE,1,1,"XXY","D1246Y","(2008,2013]"
7.48333,9.06667,2016,"33968801",15,FALSE,FALSE,TRUE,1,0,"XXY","D1246Y","(2013,2017]"
7.48333,9.06667,2018,"33968801",15,FALSE,FALSE,TRUE,1,0,"XXY","D1246Y","(2017,2020]"
10.2404,-0.701546,1996,"9550213",15,FALSE,FALSE,TRUE,1,0,"XXY","D1246Y","(1974,2008]"
27.0579,-16.3074,2017,"39500918",15,FALSE,FALSE,TRUE,2,0,"XXY","D1246Y","(2013,2017]"
-1.58333,6.45,2010,"24172030",14,FALSE,FALSE,TRUE,1,0,"XXY","D1246Y","(2008,2013]"
7.48333,9.06667,2013,"33968801",14,FALSE,FALSE,TRUE,1,1,"XXY","D1246Y","(2008,2013]"
38.4404,-5.16156,2010,"22144430",14,FALSE,FALSE,TRUE,2,10,"XXY","D1246Y","(2008,2013]"
40.1821,-10.2787,2017,"33107096",14,FALSE,FALSE,TRUE,1,1,"XXY","D1246Y","(2013,2017]"
32.5833,-25.9667,2014,"30259821",14,FALSE,FALSE,TRUE,NA,0,"XXY","D1246Y","(2013,2017]"
-16.0833,11.25,2018,"37072433",13,FALSE,FALSE,TRUE,1,0,"XXY","D1246Y","(2017,2020]"
3.9368,7.843,2019,"null",13,FALSE,FALSE,TRUE,2,0,"XXY","D1246Y","(2017,2020]"
7.48333,9.06667,2015,"33968801",13,FALSE,FALSE,TRUE,1,0,"XXY","D1246Y","(2013,2017]"
18.91,-18.25,2023,"40744004",13,FALSE,FALSE,TRUE,2,1,"XXY","D1246Y","(2020,2024]"
18.91,-18.25,2023,"null",13,FALSE,FALSE,TRUE,2,1,"XXY","D1246Y","(2020,2024]"
29.9856,-1.24196,2019,"33146722",13,FALSE,FALSE,TRUE,1,1,"XXY","D1246Y","(2017,2020]"
34.1321,3.51472,2019,"33146722",13,FALSE,FALSE,TRUE,1,1,"XXY","D1246Y","(2017,2020]"
32.5814,0.321956,2014,"30259821",13,FALSE,FALSE,TRUE,NA,2,"XXY","D1246Y","(2013,2017]"
3.97062,6.58631,2010,"39841324",12,FALSE,FALSE,TRUE,2,0,"XXY","D1246Y","(2008,2013]"
13.2344,-8.83833,2012,"31358591",12,FALSE,FALSE,TRUE,2,0,"XXY","D1246Y","(2008,2013]"
20.5833,-18.3333,2023,"40744004",12,FALSE,FALSE,TRUE,2,0,"XXY","D1246Y","(2020,2024]"
20.5833,-18.3333,2023,"null",12,FALSE,FALSE,TRUE,2,0,"XXY","D1246Y","(2020,2024]"
27.0018,-16.3811,2014,"39500918",12,FALSE,FALSE,TRUE,1,0,"XXY","D1246Y","(2013,2017]"
33.6288,1.7291,2024,"40514714",12,FALSE,FALSE,TRUE,2,1,"XXY","D1246Y","(2020,2024]"
38.4404,-5.16156,2009,"22144430",12,FALSE,FALSE,TRUE,2,7,"XXY","D1246Y","(2008,2013]"
35.7239,-6.16849,2014,"30259821",12,FALSE,FALSE,TRUE,NA,0,"XXY","D1246Y","(2013,2017]"
11.1731,10.2791,2019,"null",11,FALSE,FALSE,TRUE,2,0,"XXY","D1246Y","(2017,2020]"
-0.2,5.55,2013,"25348538",11,FALSE,FALSE,TRUE,NA,2,"XXY","D1246Y","(2008,2013]"
3.50493,6.6307,2010,"39841324",10,FALSE,FALSE,TRUE,2,0,"XXY","D1246Y","(2008,2013]"
27.1763,-16.3403,2014,"39500918",10,FALSE,FALSE,TRUE,2,2,"XXY","D1246Y","(2013,2017]"
30.0605,-1.9539,2014,"32747827",10,FALSE,FALSE,TRUE,1,0,"XXY","D1246Y","(2013,2017]"
32.8333,1.63333,2019,"33146722",10,FALSE,FALSE,TRUE,1,4,"XXY","D1246Y","(2017,2020]"
33.3306,2.98472,2019,"33146722",10,FALSE,FALSE,TRUE,1,1,"XXY","D1246Y","(2017,2020]"
-5.35118,6.81623,2014,"30259821",10,FALSE,FALSE,TRUE,NA,0,"XXY","D1246Y","(2013,2017]"
